datum,Inskrivna i slutenvård - rullande medelvärde,Inskrivna i slutenvård - antal,Inskrivna i intensivvård - rullande medelvärde,Inskrivna i intensivvård - antal,Avlidna med underliggande orsak - rullande medelvärde,Avlidna med underliggande orsak - antal
2020-02-21,0.000,0,0.0000,0,0.000,0
2020-02-22,0.571,-,0.0000,0,0.000,0
2020-02-23,0.857,0,0.0000,0,0.000,0
2020-02-24,1.143,0,0.0000,0,0.000,0
2020-02-25,1.714,0,0.0000,0,0.000,0
2020-02-26,1.429,-,0.0000,0,0.000,0
2020-02-27,1.429,4,0.0000,0,0.000,0
2020-02-28,1.714,4,0.0000,0,0.000,0
2020-02-29,4.143,0,0.0000,0,0.286,0
2020-03-01,4.714,0,0.0000,0,0.286,0
2020-03-02,5.000,-,0.0000,0,0.286,0
2020-03-03,5.286,17,0.2857,0,0.286,-
2020-03-04,6.000,6,0.5714,0,0.571,0
2020-03-05,7.286,6,0.5714,0,0.571,0
2020-03-06,8.571,6,0.5714,-,0.571,0
2020-03-07,7.714,5,0.8571,-,0.286,-
2020-03-08,8.714,9,1.1429,0,0.286,0
2020-03-09,10.571,11,1.1429,0,0.286,0
2020-03-10,13.000,11,1.1429,-,0.571,0
2020-03-11,16.143,13,1.7143,-,0.571,0
2020-03-12,19.714,19,2.5714,0,0.857,0
2020-03-13,24.286,23,3.4286,-,1.143,-
2020-03-14,29.714,27,3.4286,6,1.429,-
2020-03-15,38.429,34,5.2857,6,2.143,-
2020-03-16,47.429,43,7.1429,6,3.143,-
2020-03-17,58.000,49,9.7143,-,3.857,-
2020-03-18,67.143,74,11.5714,15,4.857,5
2020-03-19,74.286,82,15.1429,13,6.429,7
2020-03-20,89.000,97,20.2857,20,7.857,7
2020-03-21,104.000,91,25.5714,19,10.714,9
2020-03-22,115.286,84,29.5714,31,13.143,13
2020-03-23,129.143,146,33.7143,42,16.286,12
2020-03-24,144.429,154,36.4286,39,19.857,22
2020-03-25,159.000,153,38.1429,43,23.286,22
2020-03-26,172.714,179,40.8571,42,26.857,29
2020-03-27,185.286,204,40.0000,39,31.286,32
2020-03-28,201.000,193,40.2857,31,35.286,33
2020-03-29,215.286,180,42.4286,50,40.000,38
2020-03-30,231.714,234,43.7143,36,46.571,43
2020-03-31,238.286,264,45.5714,41,54.143,50
2020-04-01,238.714,253,48.0000,58,59.857,55
2020-04-02,237.143,294,48.2857,51,67.429,75
2020-04-03,241.429,250,51.1429,52,75.286,85
2020-04-04,245.571,196,52.8571,48,82.000,73
2020-04-05,244.571,169,52.8571,52,91.571,91
2020-04-06,240.857,264,52.5714,56,94.286,98
2020-04-07,235.857,293,50.8571,53,97.429,97
2020-04-08,234.000,246,51.7143,58,102.143,122
2020-04-09,243.143,268,50.1429,49,105.286,94
2020-04-10,233.857,215,50.1429,40,105.143,107
2020-04-11,230.429,183,50.0000,54,106.000,106
2020-04-12,230.000,233,47.5714,41,106.000,113
2020-04-13,230.000,199,47.7143,56,110.000,97
2020-04-14,233.143,269,49.0000,52,108.286,103
2020-04-15,234.143,243,47.0000,41,106.714,122
2020-04-16,225.571,268,47.1429,50,104.143,122
2020-04-17,226.571,237,44.1429,49,104.286,95
2020-04-18,220.143,190,43.2857,40,99.857,95
2020-04-19,214.857,173,45.4286,42,94.143,95
2020-04-20,205.857,206,44.2857,35,89.429,98
2020-04-21,200.714,224,45.7143,46,89.714,72
2020-04-22,196.143,206,44.8571,56,87.000,82
2020-04-23,193.143,205,43.2857,42,84.857,89
2020-04-24,187.429,201,43.0000,59,81.714,97
2020-04-25,183.429,158,41.8571,34,84.429,76
2020-04-26,180.857,152,38.2857,31,84.000,80
2020-04-27,175.429,166,39.0000,33,82.143,76
2020-04-28,168.857,196,34.5714,38,79.429,91
2020-04-29,167.143,188,35.4286,31,80.286,79
2020-04-30,166.857,167,36.0000,47,79.286,76
2020-05-01,169.714,155,35.8571,28,80.571,78
2020-05-02,163.000,146,34.1429,40,77.857,82
2020-05-03,161.857,150,35.4286,35,76.429,73
2020-05-04,159.429,186,34.0000,32,76.429,85
2020-05-05,156.714,149,35.1429,26,73.429,72
2020-05-06,151.857,180,32.8571,40,71.000,69
2020-05-07,146.143,150,31.2857,37,71.286,76
2020-05-08,140.143,136,30.7143,36,67.571,57
2020-05-09,138.000,112,30.5714,24,66.286,65
2020-05-10,135.000,110,28.5714,24,63.429,75
2020-05-11,133.000,144,26.5714,28,59.286,59
2020-05-12,132.571,134,25.0000,25,60.000,63
2020-05-13,130.857,159,24.5714,26,56.857,49
2020-05-14,130.143,136,24.7143,23,54.571,47
2020-05-15,129.143,133,24.5714,25,54.286,62
2020-05-16,129.571,100,23.7143,21,51.286,43
2020-05-17,126.000,105,22.5714,25,51.429,59
2020-05-18,124.000,137,21.7143,27,51.429,57
2020-05-19,123.857,137,21.4286,19,50.429,42
2020-05-20,125.143,134,20.8571,18,51.000,50
2020-05-21,125.286,122,20.1429,17,48.857,47
2020-05-22,126.143,132,21.0000,23,46.429,55
2020-05-23,126.143,109,21.4286,17,44.429,47
2020-05-24,125.714,106,21.4286,20,42.857,44
2020-05-25,127.571,143,21.7143,33,41.429,40
2020-05-26,127.857,137,21.1429,22,39.143,28
2020-05-27,126.857,131,22.4286,18,37.571,39
2020-05-28,127.429,135,22.1429,19,36.857,37
2020-05-29,122.857,134,21.0000,19,36.857,39
2020-05-30,122.000,102,20.8571,26,38.714,36
2020-05-31,119.714,110,21.7143,18,37.143,39
2020-06-01,121.571,111,22.0000,25,37.857,40
2020-06-02,118.857,131,23.2857,21,37.429,41
2020-06-03,118.571,115,23.1429,24,37.143,28
2020-06-04,115.429,148,23.0000,21,36.286,42
2020-06-05,118.000,115,22.7143,28,35.857,36
2020-06-06,116.571,100,22.7143,25,34.714,34
2020-06-07,113.571,88,21.0000,17,36.000,33
2020-06-08,106.429,129,20.2857,23,35.143,37
2020-06-09,106.000,121,18.5714,21,33.714,33
2020-06-10,103.286,94,18.0000,12,33.000,37
2020-06-11,100.571,98,17.8571,16,32.714,36
2020-06-12,93.571,112,16.4286,16,31.857,26
2020-06-13,88.286,81,15.7143,21,31.000,29
2020-06-14,88.286,69,16.4286,16,30.429,31
2020-06-15,87.429,80,17.1429,13,29.000,31
2020-06-16,83.286,84,16.2857,16,29.286,27
2020-06-17,80.143,94,14.4286,17,28.857,33
2020-06-18,81.143,92,14.1429,21,27.000,26
2020-06-19,81.286,83,15.2857,10,25.571,28
2020-06-20,79.286,59,14.2857,8,24.571,26
2020-06-21,74.429,76,13.1429,14,22.857,18
2020-06-22,70.857,81,12.0000,21,22.143,21
2020-06-23,68.000,70,11.5714,9,19.857,20
2020-06-24,67.571,60,11.2857,9,18.000,21
2020-06-25,65.000,67,10.5714,13,19.000,21
2020-06-26,61.429,63,8.2857,7,17.857,12
2020-06-27,59.000,56,8.2857,6,17.000,13
2020-06-28,57.714,58,8.1429,9,16.000,25
2020-06-29,55.714,56,7.8571,5,15.143,13
2020-06-30,51.857,53,7.7143,9,14.571,14
2020-07-01,47.571,51,7.1429,8,14.857,14
2020-07-02,43.429,53,6.5714,11,12.143,15
2020-07-03,41.571,36,6.1429,6,12.143,8
2020-07-04,39.571,26,5.1429,-,12.143,15
2020-07-05,35.857,29,4.5714,5,11.714,6
2020-07-06,32.857,43,3.2857,-,11.286,13
2020-07-07,32.714,39,3.0000,-,11.286,14
2020-07-08,31.429,25,3.0000,4,10.571,11
2020-07-09,29.714,32,2.8571,-,11.000,12
2020-07-10,26.143,35,3.1429,4,10.857,8
2020-07-11,24.143,17,3.1429,-,10.286,10
2020-07-12,23.286,17,2.5714,4,9.714,9
2020-07-13,22.286,18,3.0000,4,8.571,12
2020-07-14,19.714,25,2.7143,-,8.571,10
2020-07-15,18.857,19,2.7143,0,9.571,7
2020-07-16,19.000,25,2.4286,5,9.286,4
2020-07-17,19.571,17,2.1429,-,8.286,8
2020-07-18,20.000,11,2.4286,-,7.714,17
2020-07-19,20.714,18,2.7143,-,7.571,7
2020-07-20,20.143,22,2.2857,-,8.000,5
2020-07-21,20.857,28,2.2857,4,7.143,6
2020-07-22,21.714,24,2.0000,-,5.000,6
2020-07-23,22.286,21,2.0000,-,4.286,7
2020-07-24,21.286,22,2.0000,-,4.714,-
2020-07-25,19.571,17,1.7143,0,4.857,-
2020-07-26,18.429,22,2.0000,-,4.286,-
2020-07-27,18.714,15,1.7143,-,3.571,8
2020-07-28,18.286,16,1.7143,-,3.571,7
2020-07-29,17.429,16,2.2857,4,3.571,-
2020-07-30,16.571,23,2.5714,0,3.571,-
2020-07-31,16.714,19,2.5714,-,3.143,-
2020-08-01,16.571,11,2.5714,4,2.429,-
2020-08-02,16.571,16,2.2857,4,2.429,-
2020-08-03,15.286,16,3.0000,-,2.857,5
2020-08-04,15.571,15,3.0000,-,2.857,-
2020-08-05,15.714,16,3.1429,-,2.857,-
2020-08-06,16.143,14,2.8571,5,3.571,5
2020-08-07,16.714,21,2.8571,-,3.143,-
2020-08-08,18.143,12,2.8571,5,3.143,-
2020-08-09,19.286,19,2.8571,-,3.429,7
2020-08-10,20.714,20,2.7143,-,3.000,-
2020-08-11,20.000,25,2.7143,-,3.000,-
2020-08-12,20.286,24,2.2857,-,3.000,4
2020-08-13,18.857,24,2.2857,4,2.286,-
2020-08-14,19.429,16,2.2857,-,2.286,-
2020-08-15,19.286,14,2.2857,-,2.571,-
2020-08-16,18.143,9,2.2857,-,2.286,-
2020-08-17,16.857,24,2.0000,-,2.286,-
2020-08-18,16.429,24,2.0000,-,2.571,4
2020-08-19,16.571,16,2.0000,-,2.571,-
2020-08-20,15.571,15,2.0000,-,2.571,-
2020-08-21,14.286,13,2.2857,-,3.000,4
2020-08-22,13.429,15,2.2857,-,2.714,-
2020-08-23,13.571,-,2.2857,-,2.714,-
2020-08-24,13.143,15,2.2857,4,2.714,5
2020-08-25,13.714,18,2.0000,-,2.143,-
2020-08-26,12.857,17,1.7143,-,1.857,-
2020-08-27,13.714,12,1.7143,-,1.857,-
2020-08-28,13.857,17,1.1429,0,1.429,0
2020-08-29,13.714,9,1.1429,0,1.429,0
2020-08-30,12.571,8,1.4286,-,1.429,-
2020-08-31,13.571,16,1.4286,0,1.429,-
2020-09-01,13.429,17,1.4286,-,1.429,-
2020-09-02,13.000,9,1.7143,4,1.429,-
2020-09-03,13.143,19,1.4286,-,1.714,-
2020-09-04,13.286,16,1.7143,0,1.714,0
2020-09-05,12.286,6,1.4286,-,1.714,0
2020-09-06,13.714,9,1.1429,0,1.714,4
2020-09-07,13.571,17,0.8571,-,1.714,-
2020-09-08,13.000,10,1.1429,0,2.286,-
2020-09-09,14.286,19,1.1429,-,2.571,-
2020-09-10,14.714,18,1.4286,0,2.286,-
2020-09-11,14.714,12,1.4286,-,2.286,4
2020-09-12,15.857,15,1.7143,-,2.286,-
2020-09-13,15.286,12,1.7143,-,2.286,-
2020-09-14,14.571,17,1.7143,-,2.000,-
2020-09-15,14.286,18,1.7143,-,1.714,-
2020-09-16,13.714,15,1.7143,-,1.714,-
2020-09-17,13.286,13,1.4286,0,1.714,0
2020-09-18,13.000,10,1.1429,-,1.714,-
2020-09-19,13.429,11,1.1429,-,1.429,-
2020-09-20,14.000,9,1.1429,0,1.143,-
2020-09-21,14.857,15,1.4286,0,1.429,-
2020-09-22,16.143,21,1.1429,-,1.857,0
2020-09-23,16.286,19,0.8571,-,1.857,0
2020-09-24,16.571,19,0.8571,-,1.857,-
2020-09-25,16.571,19,1.1429,0,1.857,5
2020-09-26,16.714,12,0.8571,0,2.143,-
2020-09-27,17.857,11,1.1429,0,2.429,-
2020-09-28,19.143,15,1.4286,-,2.429,-
2020-09-29,20.143,22,1.4286,0,2.000,-
2020-09-30,21.857,27,1.7143,4,2.000,-
2020-10-01,22.714,28,2.0000,4,2.000,-
2020-10-02,24.714,26,2.7143,0,2.000,-
2020-10-03,27.000,24,3.0000,-,2.429,-
2020-10-04,27.714,17,2.7143,-,2.429,-
2020-10-05,27.571,29,2.4286,7,2.429,-
2020-10-06,30.286,38,2.7143,-,2.857,5
2020-10-07,31.143,32,3.2857,-,3.143,-
2020-10-08,32.857,27,3.2857,-,3.143,-
2020-10-09,31.714,45,2.5714,-,3.429,5
2020-10-10,30.429,30,2.5714,6,3.000,4
2020-10-11,29.143,29,2.8571,-,3.000,-
2020-10-12,30.429,21,3.1429,-,3.000,4
2020-10-13,28.571,29,3.1429,-,2.571,-
2020-10-14,28.857,23,2.5714,4,2.571,-
2020-10-15,29.143,36,3.0000,4,2.571,-
2020-10-16,31.000,32,3.5714,-,2.714,-
2020-10-17,31.714,32,3.5714,-,2.714,4
2020-10-18,36.571,31,3.8571,5,2.714,-
2020-10-19,38.286,34,4.5714,6,3.714,5
2020-10-20,41.286,34,5.2857,-,3.714,-
2020-10-21,42.714,57,6.0000,6,4.286,-
2020-10-22,46.286,48,6.4286,9,4.857,9
2020-10-23,53.143,53,6.4286,7,5.286,-
2020-10-24,60.143,42,7.7143,7,6.286,8
2020-10-25,64.571,56,8.7143,8,7.000,6
2020-10-26,70.286,82,8.5714,6,7.000,8
2020-10-27,77.714,83,9.2857,11,8.143,9
2020-10-28,82.429,88,9.2857,13,8.571,7
2020-10-29,87.429,88,9.8571,8,10.429,9
2020-10-30,92.857,105,12.2857,12,11.429,10
2020-10-31,98.286,75,13.0000,7,13.000,11
2020-11-01,101.857,91,13.5714,12,14.714,19
2020-11-02,106.429,120,15.1429,23,16.286,15
2020-11-03,111.429,121,16.4286,16,17.857,20
2020-11-04,116.429,113,18.8571,17,20.143,19
2020-11-05,120.429,120,20.0000,19,20.286,20
2020-11-06,128.571,140,18.7143,21,22.143,21
2020-11-07,137.143,110,18.0000,24,22.857,27
2020-11-08,148.143,119,18.4286,20,23.571,20
2020-11-09,153.571,177,18.0000,14,24.000,28
2020-11-10,158.571,181,19.7143,11,24.714,25
2020-11-11,166.714,190,20.1429,20,25.429,24
2020-11-12,172.714,158,20.8571,16,27.857,23
2020-11-13,173.143,175,22.7143,33,28.571,26
2020-11-14,174.429,167,25.8571,27,30.571,32
2020-11-15,175.714,161,27.0000,25,33.429,37
2020-11-16,182.286,180,28.7143,27,36.000,33
2020-11-17,187.571,190,27.0000,33,38.571,39
2020-11-18,188.000,199,26.5714,28,40.714,44
2020-11-19,190.000,204,27.2857,28,43.857,41
2020-11-20,193.857,212,28.4286,21,46.714,44
2020-11-21,199.429,170,29.2857,24,49.286,47
2020-11-22,205.714,175,29.8571,30,51.429,59
2020-11-23,207.429,207,31.0000,35,52.429,53
2020-11-24,208.857,229,30.7143,39,54.571,57
2020-11-25,213.000,243,31.0000,32,53.571,59
2020-11-26,212.571,216,31.1429,36,51.429,48
2020-11-27,214.714,222,30.7143,19,51.571,59
2020-11-28,211.143,199,28.8571,26,52.571,40
2020-11-29,202.286,172,30.4286,31,52.714,44
2020-11-30,201.286,222,29.0000,32,55.000,54
2020-12-01,202.143,204,29.7143,26,55.143,64
2020-12-02,197.143,181,29.4286,43,55.286,60
2020-12-03,198.286,209,29.2857,26,59.429,64
2020-12-04,198.571,228,28.7143,24,57.857,60
2020-12-05,200.429,164,28.2857,24,55.571,41
2020-12-06,210.000,180,26.0000,30,55.857,73
2020-12-07,212.429,224,28.0000,28,57.714,43
2020-12-08,217.857,217,29.0000,23,58.714,48
2020-12-09,225.143,248,28.2857,27,61.000,62
2020-12-10,229.143,226,28.5714,40,60.143,77
2020-12-11,228.571,266,29.8571,31,65.143,67
2020-12-12,234.857,215,32.4286,19,68.143,57
2020-12-13,235.286,208,33.1429,32,72.429,67
2020-12-14,238.286,220,32.5714,37,75.857,78
2020-12-15,235.143,261,33.2857,41,75.286,69
2020-12-16,232.571,251,34.5714,32,76.571,92
2020-12-17,230.286,247,35.0000,36,78.286,101
2020-12-18,233.000,244,35.1429,36,77.000,63
2020-12-19,232.429,197,36.5714,28,78.143,66
2020-12-20,235.429,192,36.2857,35,76.571,79
2020-12-21,231.429,239,34.7143,38,74.000,69
2020-12-22,229.286,257,34.4286,51,77.857,77
2020-12-23,231.571,272,36.1429,30,80.857,81
2020-12-24,235.714,219,36.8571,25,82.000,83
2020-12-25,242.571,229,39.4286,34,88.286,90
2020-12-26,249.143,213,39.8571,40,86.000,87
2020-12-27,245.571,221,41.5714,40,86.714,87
2020-12-28,248.571,287,43.7143,56,88.714,113
2020-12-29,244.857,303,45.5714,54,87.429,61
2020-12-30,246.714,247,43.5714,42,87.714,86
2020-12-31,245.714,240,43.7143,40,87.143,97
2021-01-01,239.429,203,39.8571,47,82.571,81
2021-01-02,229.286,226,39.2857,26,86.000,89
2021-01-03,227.143,214,38.5714,41,84.429,83
2021-01-04,224.714,243,38.4286,29,84.286,81
2021-01-05,226.286,232,36.7143,50,85.429,85
2021-01-06,215.429,232,37.2857,37,84.000,75
2021-01-07,208.571,223,36.1429,39,84.000,96
2021-01-08,201.286,214,36.1429,35,84.429,89
2021-01-09,199.857,150,34.7143,30,84.143,79
2021-01-10,193.286,166,33.1429,33,86.143,83
2021-01-11,185.000,192,32.0000,29,85.714,84
2021-01-12,177.571,222,30.4286,40,84.714,83
2021-01-13,173.429,186,29.8571,26,83.857,89
2021-01-14,170.000,165,28.2857,31,80.857,93
2021-01-15,166.286,162,28.5714,24,79.000,82
2021-01-16,153.571,121,28.4286,26,79.571,73
2021-01-17,147.714,142,28.0000,22,78.429,62
2021-01-18,144.286,166,27.2857,31,77.714,71
2021-01-19,144.714,133,27.0000,39,73.857,87
2021-01-20,143.571,145,25.5714,23,70.857,81
2021-01-21,140.714,141,24.0000,26,68.857,88
2021-01-22,135.429,165,24.5714,22,66.714,55
2021-01-23,137.714,113,22.5714,16,63.857,52
2021-01-24,133.857,122,22.0000,11,59.714,48
2021-01-25,127.000,129,20.7143,35,54.286,56
2021-01-26,118.286,149,20.1429,25,54.714,67
2021-01-27,115.571,118,20.8571,19,54.571,52
2021-01-28,111.714,93,21.2857,17,53.714,50
2021-01-29,107.571,104,19.2857,18,52.571,58
2021-01-30,103.143,94,18.0000,21,48.429,51
2021-01-31,99.857,95,17.4286,14,47.857,42
2021-02-01,100.429,100,16.8571,21,45.286,48
2021-02-02,100.429,118,17.7143,16,41.429,38
2021-02-03,97.143,95,17.7143,15,38.857,48
2021-02-04,93.714,97,17.7143,13,37.286,32
2021-02-05,91.286,104,17.4286,24,35.857,31
2021-02-06,85.857,71,18.4286,21,34.571,33
2021-02-07,84.571,71,18.5714,14,30.714,31
2021-02-08,83.857,83,19.2857,19,30.143,38
2021-02-09,82.143,80,19.7143,23,29.571,29
2021-02-10,84.571,86,19.4286,16,27.857,21
2021-02-11,85.286,92,20.2857,18,26.857,28
2021-02-12,87.429,92,20.4286,27,24.714,27
2021-02-13,90.000,88,20.4286,19,23.286,21
2021-02-14,90.857,76,20.0000,20,23.714,24
2021-02-15,90.714,98,19.5714,20,22.000,23
2021-02-16,91.286,98,19.1429,23,21.429,19
2021-02-17,91.143,92,19.5714,13,21.571,24
2021-02-18,92.000,91,19.0000,15,20.857,16
2021-02-19,91.714,96,20.0000,24,21.000,23
2021-02-20,94.571,87,21.0000,22,19.429,22
2021-02-21,96.714,82,23.2857,16,19.143,19
2021-02-22,101.286,96,23.7143,27,19.857,24
2021-02-23,104.714,118,23.4286,30,19.000,8
2021-02-24,106.286,107,23.7143,29,18.286,22
2021-02-25,110.857,123,25.5714,18,18.857,21
2021-02-26,117.857,120,25.4286,22,19.571,17
2021-02-27,117.000,98,25.0000,24,22.286,17
2021-02-28,121.286,114,24.2857,29,20.857,23
2021-03-01,121.286,145,25.2857,26,20.429,29
2021-03-02,122.714,112,27.0000,27,20.143,27
2021-03-03,128.143,137,26.8571,24,19.714,12
2021-03-04,125.857,123,25.2857,25,19.429,18
2021-03-05,125.714,130,24.1429,34,18.286,15
2021-03-06,130.000,136,24.2857,23,17.000,14
2021-03-07,130.286,98,24.1429,18,17.714,21
2021-03-08,131.143,144,24.7143,18,17.714,21
2021-03-09,137.571,142,23.8571,28,17.714,18
2021-03-10,139.571,139,25.5714,23,18.143,17
2021-03-11,146.000,129,26.8571,29,18.429,18
2021-03-12,147.571,175,29.0000,28,18.000,15
2021-03-13,151.286,150,30.0000,35,17.571,17
2021-03-14,154.000,143,30.2857,27,18.000,23
2021-03-15,157.429,155,29.4286,33,18.143,18
2021-03-16,154.857,168,30.4286,35,17.571,15
2021-03-17,153.143,158,29.8571,25,18.857,20
2021-03-18,152.286,153,30.0000,23,18.857,19
2021-03-19,155.429,157,30.8571,35,19.286,11
2021-03-20,156.286,138,29.4286,31,19.000,26
2021-03-21,159.714,137,31.2857,28,18.286,23
2021-03-22,159.714,177,32.8571,39,19.000,21
2021-03-23,164.857,174,33.5714,25,20.857,13
2021-03-24,169.857,182,33.7143,38,18.857,15
2021-03-25,173.429,153,33.7143,34,17.286,24
2021-03-26,175.857,193,33.7143,40,17.714,24
2021-03-27,175.714,173,36.0000,32,17.857,12
2021-03-28,173.286,162,37.8571,28,19.429,12
2021-03-29,175.000,194,38.1429,39,19.429,24
2021-03-30,177.429,173,37.8571,41,19.571,14
2021-03-31,179.571,165,38.5714,51,20.286,26
2021-04-01,179.000,165,40.8571,36,20.143,24
2021-04-02,175.143,210,41.1429,38,20.143,25
2021-04-03,179.857,188,40.7143,37,20.286,17
2021-04-04,183.286,158,40.0000,44,20.000,11
2021-04-05,188.857,167,42.8571,41,19.429,24
2021-04-06,188.143,206,44.7143,38,19.000,15
2021-04-07,185.714,189,45.2857,46,18.286,24
2021-04-08,187.857,204,44.8571,56,19.000,20
2021-04-09,190.714,205,45.2857,51,17.714,22
2021-04-10,187.857,171,46.8571,41,18.286,12
2021-04-11,187.286,173,46.4286,41,18.571,16
2021-04-12,189.286,187,45.1429,44,18.429,15
2021-04-13,192.571,186,44.7143,49,17.571,19
2021-04-14,194.143,185,46.0000,43,18.571,26
2021-04-15,192.857,218,45.7143,47,18.857,19
2021-04-16,192.286,228,46.0000,48,18.714,16
2021-04-17,191.000,182,45.5714,50,19.571,19
2021-04-18,190.857,164,45.8571,39,19.286,18
2021-04-19,183.286,183,44.8571,46,19.143,14
2021-04-20,173.000,177,44.1429,46,19.286,25
2021-04-21,168.000,184,41.0000,45,19.286,24
2021-04-22,164.000,165,40.8571,40,20.143,18
2021-04-23,159.571,156,39.8571,43,20.000,17
2021-04-24,155.143,147,38.4286,28,20.000,19
2021-04-25,151.143,136,37.0000,38,19.143,24
2021-04-26,154.571,152,37.1429,39,19.143,13
2021-04-27,156.429,146,37.8571,36,19.000,25
2021-04-28,153.714,156,39.1429,35,18.000,18
2021-04-29,150.714,189,39.7143,41,16.429,18
2021-04-30,148.571,169,39.4286,48,17.000,16
2021-05-01,148.714,128,40.4286,37,15.000,12
2021-05-02,146.857,115,40.1429,42,14.857,13
2021-05-03,138.857,137,39.8571,37,13.857,17
2021-05-04,134.429,147,38.7143,43,14.000,11
2021-05-05,133.143,143,37.5714,33,15.143,17
2021-05-06,132.000,133,35.4286,39,15.571,11
2021-05-07,132.286,138,35.0000,40,16.000,17
2021-05-08,128.714,119,32.7143,29,16.000,20
2021-05-09,121.429,107,31.1429,27,15.714,16
2021-05-10,116.429,139,28.0000,34,16.571,20
2021-05-11,112.714,122,26.1429,27,17.286,11
2021-05-12,108.857,92,24.2857,22,16.429,15
2021-05-13,107.143,98,22.4286,17,16.286,17
2021-05-14,100.000,112,20.7143,27,14.714,22
2021-05-15,93.429,92,19.1429,16,14.857,14
2021-05-16,90.000,95,19.1429,14,13.714,15
2021-05-17,86.429,89,18.1429,22,13.000,9
2021-05-18,81.571,76,16.8571,16,11.714,12
2021-05-19,76.714,68,16.1429,22,11.571,7
2021-05-20,70.571,73,16.8571,10,11.429,12
2021-05-21,67.000,78,15.7143,18,10.714,13
2021-05-22,62.143,58,15.4286,11,10.286,13
2021-05-23,59.571,52,14.4286,19,10.714,14
2021-05-24,56.429,64,15.2857,14,10.286,4
2021-05-25,50.429,42,14.1429,14,10.143,9
2021-05-26,47.571,50,13.7143,15,8.857,10
2021-05-27,43.000,51,11.5714,16,8.429,9
2021-05-28,38.857,36,9.8571,10,8.571,12
2021-05-29,37.143,38,9.0000,8,7.571,4
2021-05-30,33.857,20,8.0000,4,7.000,11
2021-05-31,29.714,35,6.4286,-,6.857,5
2021-06-01,28.429,30,6.0000,8,6.857,-
2021-06-02,25.571,27,5.4286,8,6.571,6
2021-06-03,25.429,22,6.1429,5,5.286,8
2021-06-04,24.143,27,7.5714,7,5.429,12
2021-06-05,23.143,18,7.1429,4,6.143,-
2021-06-06,23.714,19,7.4286,9,6.286,-
2021-06-07,24.429,26,7.7143,12,6.000,6
2021-06-08,23.000,23,7.7143,5,4.571,7
2021-06-09,22.571,31,7.4286,10,4.571,7
2021-06-10,22.143,27,6.8571,7,4.571,6
2021-06-11,20.714,17,5.4286,7,4.000,-
2021-06-12,19.286,15,5.2857,-,3.571,-
2021-06-13,17.571,16,4.1429,5,3.143,-
2021-06-14,16.000,16,3.7143,-,2.286,-
2021-06-15,16.143,13,3.0000,4,3.000,4
2021-06-16,14.857,19,3.0000,-,3.286,4
2021-06-17,14.429,16,2.5714,4,3.286,0
2021-06-18,14.429,18,3.1429,-,3.286,7
2021-06-19,13.857,6,2.8571,-,3.429,4
2021-06-20,12.286,13,3.4286,-,3.143,-
2021-06-21,12.143,16,3.1429,6,3.714,-
2021-06-22,10.429,9,3.1429,-,3.000,5
2021-06-23,10.429,8,3.1429,6,2.714,-
2021-06-24,9.714,15,3.1429,-,2.714,4
2021-06-25,9.000,6,2.2857,-,3.143,-
2021-06-26,8.857,6,2.2857,-,2.714,-
2021-06-27,9.143,8,1.7143,-,2.714,-
2021-06-28,7.857,11,1.4286,0,2.143,5
2021-06-29,8.143,8,1.4286,-,2.143,-
2021-06-30,8.000,10,1.1429,-,2.143,-
2021-07-01,7.571,6,0.8571,0,2.143,0
2021-07-02,7.286,8,1.1429,-,1.714,-
2021-07-03,7.429,5,1.1429,0,1.429,-
2021-07-04,7.429,5,1.1429,0,1.429,-
2021-07-05,8.143,9,1.4286,-,1.714,-
2021-07-06,7.571,9,1.4286,-,1.714,0
2021-07-07,7.571,10,1.7143,-,1.429,-
2021-07-08,7.429,11,1.7143,-,1.429,-
2021-07-09,6.429,4,1.4286,-,1.143,-
2021-07-10,5.857,5,1.4286,-,1.143,0
2021-07-11,5.000,4,1.4286,0,0.857,-
2021-07-12,4.286,-,1.4286,0,0.857,0
2021-07-13,4.286,5,1.4286,-,0.857,0
2021-07-14,4.286,4,1.4286,-,0.857,0
2021-07-15,4.571,6,1.7143,-,0.571,-
2021-07-16,5.000,4,1.7143,-,0.857,-
2021-07-17,5.286,5,1.7143,-,0.857,0
2021-07-18,5.714,6,1.7143,-,1.143,0
2021-07-19,6.000,5,1.7143,0,1.429,-
2021-07-20,6.286,7,1.7143,-,1.429,0
2021-07-21,6.857,7,1.7143,-,1.429,-
2021-07-22,7.571,8,1.7143,-,1.714,4
2021-07-23,7.857,6,2.0000,-,1.714,-
2021-07-24,8.571,9,2.0000,-,2.000,0
2021-07-25,8.714,11,2.0000,-,2.000,-
2021-07-26,8.571,7,2.0000,-,1.714,-
2021-07-27,9.000,12,2.0000,-,1.429,-
2021-07-28,9.714,8,2.0000,-,1.714,-
2021-07-29,9.857,7,2.0000,-,1.429,-
2021-07-30,11.429,9,2.2857,-,1.429,0
2021-07-31,12.000,14,2.7143,-,1.429,-
2021-08-01,12.714,12,2.7143,-,1.429,0
2021-08-02,13.571,18,3.1429,4,1.429,-
2021-08-03,13.429,16,3.1429,5,1.429,-
2021-08-04,12.714,13,3.1429,-,1.429,-
2021-08-05,12.571,13,3.1429,5,1.714,-
2021-08-06,12.143,8,3.1429,-,1.429,0
2021-08-07,12.571,9,2.7143,-,1.429,-
2021-08-08,13.000,11,2.7143,-,1.429,-
2021-08-09,14.429,15,3.0000,4,1.429,0
2021-08-10,16.286,19,3.0000,-,1.714,-
2021-08-11,16.857,16,3.0000,-,1.714,-
2021-08-12,18.143,23,3.5714,7,1.714,-
2021-08-13,19.286,21,3.2857,-,1.714,-
2021-08-14,20.857,13,3.7143,-,1.714,-
2021-08-15,22.714,20,4.1429,6,1.714,-
2021-08-16,22.571,23,3.7143,-,1.714,0
2021-08-17,22.286,30,3.7143,5,1.714,-
2021-08-18,23.429,29,3.7143,5,1.714,-
2021-08-19,22.714,22,3.5714,4,1.714,-
2021-08-20,23.286,19,4.0000,-,2.571,-
2021-08-21,24.000,21,3.5714,-,2.571,-
2021-08-22,25.000,15,3.7143,5,2.571,-
2021-08-23,25.429,27,4.2857,5,2.571,6
2021-08-24,26.857,35,5.0000,-,2.286,-
2021-08-25,25.714,36,5.0000,6,2.000,-
2021-08-26,27.429,25,5.4286,8,2.429,-
2021-08-27,29.143,29,5.0000,7,1.857,0
2021-08-28,29.286,13,5.7143,-,1.857,0
2021-08-29,28.429,27,6.4286,8,1.857,5
2021-08-30,28.857,39,6.8571,-,2.286,-
2021-08-31,31.000,36,6.8571,7,2.857,-
2021-09-01,33.714,30,6.8571,11,3.571,-
2021-09-02,32.714,28,6.8571,11,3.857,5
2021-09-03,32.571,44,6.8571,7,3.857,4
2021-09-04,32.000,32,6.7143,-,4.286,5
2021-09-05,31.857,20,5.7143,8,5.000,7
2021-09-06,33.714,38,4.8571,-,5.000,-
2021-09-07,31.714,32,4.7143,6,5.571,5
2021-09-08,31.286,29,5.0000,4,5.429,7
2021-09-09,31.857,41,4.5714,5,5.571,5
2021-09-10,30.429,30,5.0000,6,6.286,8
2021-09-11,29.286,29,4.4286,4,6.571,4
2021-09-12,29.143,24,4.1429,5,6.714,8
2021-09-13,27.143,28,4.0000,5,7.429,7
2021-09-14,26.429,24,3.4286,-,7.143,7
2021-09-15,25.286,28,4.2857,-,7.143,8
2021-09-16,24.286,27,3.8571,4,6.857,10
2021-09-17,24.143,25,4.8571,-,6.143,6
2021-09-18,23.286,21,5.4286,10,5.857,4
2021-09-19,22.714,17,5.4286,-,6.000,6
2021-09-20,21.429,27,5.1429,12,5.429,-
2021-09-21,21.571,18,5.5714,6,5.571,5
2021-09-22,20.571,24,4.4286,-,5.286,9
2021-09-23,20.143,18,4.4286,-,5.286,6
2021-09-24,19.000,26,3.0000,5,5.857,7
2021-09-25,20.000,14,3.1429,-,5.429,-
2021-09-26,20.286,14,3.4286,-,4.857,6
2021-09-27,21.429,19,3.4286,-,4.571,6
2021-09-28,20.000,25,3.0000,7,4.286,-
2021-09-29,20.571,26,3.0000,4,4.714,5
2021-09-30,20.714,26,3.0000,-,4.857,4
2021-10-01,20.429,16,3.0000,-,4.714,5
2021-10-02,19.714,18,2.2857,-,5.143,5
2021-10-03,19.286,15,2.0000,-,5.571,7
2021-10-04,17.286,17,2.0000,-,6.000,5
2021-10-05,18.000,20,2.0000,-,6.429,5
2021-10-06,18.286,23,2.0000,-,6.714,8
2021-10-07,18.571,12,2.5714,-,6.429,7
2021-10-08,18.143,21,2.2857,-,6.429,8
2021-10-09,18.286,20,2.2857,-,6.429,7
2021-10-10,17.143,17,2.0000,6,6.286,5
2021-10-11,17.714,14,2.0000,0,6.000,5
2021-10-12,17.143,21,2.7143,-,4.857,5
2021-10-13,15.714,15,2.7143,0,4.429,7
2021-10-14,15.714,16,2.1429,-,4.000,5
2021-10-15,17.571,17,3.0000,7,3.857,0
2021-10-16,17.429,10,3.0000,-,3.429,4
2021-10-17,18.429,17,3.5714,-,3.000,-
2021-10-18,19.286,27,3.2857,6,2.571,4
2021-10-19,19.143,20,2.5714,-,2.857,-
2021-10-20,18.571,22,2.8571,4,2.571,4
2021-10-21,18.429,22,3.1429,0,2.571,-
2021-10-22,17.429,16,2.5714,-,2.714,-
2021-10-23,18.571,6,2.5714,4,2.714,-
2021-10-24,18.714,16,2.8571,4,2.429,-
2021-10-25,18.857,20,3.1429,-,3.000,5
2021-10-26,19.714,28,3.1429,-,3.286,-
2021-10-27,21.143,23,2.8571,6,3.286,-
2021-10-28,21.286,23,2.5714,-,3.286,6
2021-10-29,22.000,22,2.5714,-,2.857,4
2021-10-30,19.000,16,3.0000,-,3.286,-
2021-10-31,19.286,17,2.4286,-,4.286,-
2021-11-01,20.000,25,2.7143,-,3.714,-
2021-11-02,20.000,7,2.7143,5,3.714,5
2021-11-03,21.429,25,2.7143,-,4.000,9
2021-11-04,22.000,28,2.7143,4,4.000,-
2021-11-05,22.286,22,3.1429,-,4.000,4
2021-11-06,25.143,26,3.1429,-,4.000,4
2021-11-07,24.286,21,3.1429,-,3.000,-
2021-11-08,24.000,27,3.1429,5,3.857,-
2021-11-09,25.000,27,4.0000,5,4.143,5
2021-11-10,24.000,19,4.0000,-,3.857,-
2021-11-11,23.714,26,4.4286,4,3.857,8
2021-11-12,23.286,29,4.0000,8,4.571,6
2021-11-13,23.286,19,3.5714,-,4.143,-
2021-11-14,24.429,19,3.5714,5,4.143,-
2021-11-15,26.286,24,3.8571,-,3.714,7
2021-11-16,27.000,27,3.0000,-,3.714,-
2021-11-17,27.143,27,3.0000,-,3.714,-
2021-11-18,28.143,39,2.5714,6,3.714,5
2021-11-19,30.286,34,2.8571,-,3.000,6
2021-11-20,31.429,20,2.8571,-,3.000,-
2021-11-21,32.714,26,3.1429,-,3.000,-
2021-11-22,31.571,39,4.1429,4,2.286,-
2021-11-23,33.000,35,4.5714,-,1.714,-
2021-11-24,32.571,36,5.0000,4,1.714,-
2021-11-25,32.857,31,5.5714,13,1.714,0
2021-11-26,32.714,44,5.5714,5,2.143,-
2021-11-27,32.429,17,6.2857,5,2.143,-
2021-11-28,34.286,28,6.2857,6,2.143,-
2021-11-29,35.429,38,5.1429,4,2.429,5
2021-11-30,35.714,33,5.2857,7,2.429,-
2021-12-01,38.714,49,4.8571,4,2.429,-
2021-12-02,40.714,39,4.8571,5,2.857,-
2021-12-03,42.000,46,5.2857,6,3.000,-
2021-12-04,47.000,38,5.8571,-,3.429,-
2021-12-05,48.143,42,6.5714,6,3.429,5
2021-12-06,50.286,47,6.1429,7,3.857,6
2021-12-07,53.857,68,6.1429,11,3.857,5
2021-12-08,55.429,57,6.8571,9,4.143,-
2021-12-09,55.714,54,7.7143,-,3.714,5
2021-12-10,57.143,71,8.0000,6,3.714,-
2021-12-11,58.286,49,8.8571,7,3.857,4
2021-12-12,61.286,44,9.0000,12,4.143,-
2021-12-13,63.571,57,10.5714,9,4.714,6
2021-12-14,59.571,76,10.5714,17,5.143,6
2021-12-15,60.714,78,10.8571,10,6.429,4
2021-12-16,61.857,70,11.1429,13,6.857,9
2021-12-17,63.429,43,11.7143,6,7.143,5
2021-12-18,62.571,57,11.5714,9,7.286,13
2021-12-19,60.714,52,11.7143,14,7.000,5
2021-12-20,61.714,68,11.4286,13,6.571,8
2021-12-21,64.857,70,11.7143,16,6.857,7
2021-12-22,66.429,65,11.2857,11,6.429,-
2021-12-23,67.857,77,10.8571,11,6.000,6
2021-12-24,72.571,65,10.8571,8,6.000,7
2021-12-25,73.286,68,10.5714,6,6.714,10
2021-12-26,75.286,62,10.4286,11,7.286,-
2021-12-27,78.571,101,11.4286,13,7.714,8
2021-12-28,79.143,75,12.0000,14,7.714,12
2021-12-29,82.143,79,13.2857,10,7.714,6
2021-12-30,86.286,100,13.2857,18,8.429,9
2021-12-31,93.143,69,13.2857,12,9.429,7
2022-01-01,102.857,89,13.0000,15,9.286,10
2022-01-02,109.714,91,14.4286,11,10.143,7
2022-01-03,114.000,149,14.0000,13,11.000,15
2022-01-04,127.714,143,14.1429,12,11.714,11
2022-01-05,136.000,127,13.8571,20,12.571,12
2022-01-06,144.714,130,13.8571,15,12.857,15
2022-01-07,147.286,165,14.1429,13,11.857,12
2022-01-08,153.000,147,14.7143,13,13.143,16
2022-01-09,162.429,152,14.1429,11,13.286,9
2022-01-10,168.429,167,14.5714,15,13.571,8
2022-01-11,172.571,183,15.7143,16,14.571,20
2022-01-12,175.286,193,15.5714,16,14.571,13
2022-01-13,180.143,172,16.1429,18,17.000,17
2022-01-14,191.571,194,15.7143,21,18.857,19
2022-01-15,194.857,166,15.7143,12,18.857,16
2022-01-16,198.714,186,15.5714,15,20.429,26
2022-01-17,206.857,247,15.1429,12,21.286,21
2022-01-18,215.429,206,14.2857,16,22.143,20
2022-01-19,218.571,220,14.5714,15,23.143,24
2022-01-20,222.429,229,13.7143,15,22.000,23
2022-01-21,228.143,254,15.4286,15,22.714,25
2022-01-22,238.714,188,15.4286,14,24.000,23
2022-01-23,243.714,213,15.8571,9,25.000,18
2022-01-24,256.714,287,15.4286,24,24.286,26
2022-01-25,257.143,280,15.7143,16,25.143,29
2022-01-26,263.429,255,15.2857,18,25.571,31
2022-01-27,263.143,320,15.8571,12,26.857,18
2022-01-28,258.857,257,14.8571,17,26.714,31
2022-01-29,258.000,232,14.4286,11,27.429,26
2022-01-30,252.571,211,14.8571,13,26.571,27
2022-01-31,244.857,257,14.8571,17,29.143,25
2022-02-01,243.143,274,14.8571,13,28.286,34
2022-02-02,238.714,217,15.0000,21,29.286,25
2022-02-03,236.000,266,15.0000,12,28.429,36
2022-02-04,232.429,245,15.7143,17,29.571,25
2022-02-05,224.714,201,16.5714,12,29.143,33
2022-02-06,227.429,192,15.4286,13,28.714,21
2022-02-07,218.429,232,15.1429,22,26.429,33
2022-02-08,211.857,220,14.8571,19,26.429,31
2022-02-09,206.571,236,15.0000,13,23.714,22
2022-02-10,202.286,203,14.1429,10,23.857,20
2022-02-11,196.143,199,12.2857,15,23.429,25
2022-02-12,188.429,164,10.5714,13,22.286,14
2022-02-13,180.143,162,10.1429,7,23.571,22
2022-02-14,173.714,189,10.4286,9,24.000,30
2022-02-15,171.714,166,10.8571,7,23.714,23
2022-02-16,166.857,178,10.4286,10,24.857,31
2022-02-17,161.000,158,10.4286,12,24.429,23
2022-02-18,157.000,185,12.2857,18,24.286,23
2022-02-19,154.286,130,12.8571,10,23.857,22
2022-02-20,148.857,121,12.5714,7,22.000,19
2022-02-21,148.000,161,11.8571,22,21.286,29
2022-02-22,140.571,147,10.4286,11,21.286,20
2022-02-23,136.429,140,9.7143,8,22.000,18
2022-02-24,131.429,152,10.1429,7,21.714,18
2022-02-25,127.714,133,8.2857,8,21.000,23
2022-02-26,128.000,101,7.5714,5,20.571,27
2022-02-27,125.286,86,7.2857,10,21.714,17
2022-02-28,121.000,135,8.1429,9,21.857,24
2022-03-01,120.143,149,7.7143,6,21.429,17
2022-03-02,116.000,121,7.7143,6,19.714,26
2022-03-03,119.000,122,7.1429,13,20.714,19
2022-03-04,116.714,127,6.7143,5,18.571,20
2022-03-05,112.571,72,7.0000,5,18.429,15
2022-03-06,111.286,107,7.4286,6,15.571,24
2022-03-07,107.286,119,7.1429,6,14.286,9
2022-03-08,103.286,120,7.2857,8,12.857,16
2022-03-09,103.000,112,7.4286,9,12.286,6
2022-03-10,99.714,94,7.5714,11,11.429,10
2022-03-11,95.429,99,7.0000,6,13.714,10
2022-03-12,92.429,70,6.1429,6,12.857,11
2022-03-13,89.286,84,5.7143,7,14.000,18
2022-03-14,87.571,89,4.4286,-,14.286,25
2022-03-15,84.286,99,4.2857,-,14.286,10
2022-03-16,82.857,90,3.7143,6,14.429,14
2022-03-17,77.571,82,3.5714,-,13.429,12
2022-03-18,77.143,76,4.2857,5,11.000,10
2022-03-19,74.000,60,5.2857,-,11.000,12
2022-03-20,72.286,47,4.7143,6,10.857,11
2022-03-21,74.143,86,4.7143,7,10.714,8
2022-03-22,72.571,77,4.7143,9,11.000,10
2022-03-23,71.714,78,5.0000,-,10.857,13
2022-03-24,74.429,95,4.4286,-,10.714,11
2022-03-25,73.571,65,4.0000,5,11.000,12
2022-03-26,71.286,54,3.0000,4,10.857,11
2022-03-27,70.714,66,4.0000,-,10.429,10
2022-03-28,63.571,80,4.0000,4,9.571,10
2022-03-29,62.286,61,3.8571,-,8.857,9
2022-03-30,62.000,74,3.5714,9,8.286,10
2022-03-31,58.429,45,3.5714,-,7.571,5
2022-04-01,59.286,56,4.0000,4,7.143,7
2022-04-02,57.429,52,4.5714,-,7.286,7
2022-04-03,53.714,41,3.5714,-,6.714,5
2022-04-04,55.857,86,4.0000,7,7.429,7
2022-04-05,54.143,48,3.7143,6,7.571,10
2022-04-06,53.143,48,4.4286,-,8.000,6
2022-04-07,54.143,60,4.4286,5,8.857,10
2022-04-08,50.714,44,3.7143,-,8.571,8
2022-04-09,51.571,45,3.5714,7,8.000,10
2022-04-10,53.429,48,4.1429,-,7.857,11
2022-04-11,51.857,62,4.1429,-,7.143,5
2022-04-12,51.429,54,4.1429,5,6.286,6
2022-04-13,51.000,61,4.2857,6,5.571,5
2022-04-14,49.857,49,4.2857,5,4.714,5
2022-04-15,45.571,41,4.2857,-,4.286,-
2022-04-16,45.143,42,3.8571,8,4.000,5
2022-04-17,43.714,40,3.8571,-,3.857,5
2022-04-18,43.571,32,3.4286,-,3.429,-
2022-04-19,42.714,51,4.2857,-,3.429,4
2022-04-20,42.000,51,3.4286,6,3.429,4
2022-04-21,39.857,48,3.4286,-,3.000,-
2022-04-22,40.000,35,3.4286,8,3.000,-
2022-04-23,38.286,37,3.4286,-,2.714,5
2022-04-24,35.286,25,2.8571,-,2.143,-
2022-04-25,32.857,33,2.8571,-,2.143,-
2022-04-26,32.000,39,2.2857,-,2.143,-
2022-04-27,29.857,30,2.2857,-,2.429,0
2022-04-28,30.286,31,2.7143,-,2.429,-
2022-04-29,29.571,29,2.7143,4,2.429,-
2022-04-30,30.286,22,2.7143,-,2.429,7
2022-05-01,30.571,28,2.7143,5,2.714,-
2022-05-02,30.429,28,3.0000,-,3.143,-
2022-05-03,31.000,44,2.7143,-,3.143,-
2022-05-04,31.000,32,2.7143,-,2.429,-
2022-05-05,30.286,30,2.2857,4,2.429,5
2022-05-06,30.143,33,2.2857,-,2.429,-
2022-05-07,27.857,22,2.2857,-,2.429,-
2022-05-08,27.286,23,2.2857,-,2.714,-
2022-05-09,26.000,27,2.0000,-,2.000,-
2022-05-10,23.857,28,2.0000,-,2.000,-
2022-05-11,23.429,28,2.2857,-,2.714,4
2022-05-12,23.143,21,2.2857,-,2.714,0
2022-05-13,22.143,18,2.0000,-,2.714,-
2022-05-14,21.857,19,1.7143,4,2.714,7
2022-05-15,21.000,21,1.4286,-,2.429,-
2022-05-16,21.857,20,1.4286,0,2.714,-
2022-05-17,23.143,26,1.4286,0,2.714,-
2022-05-18,22.714,22,1.1429,0,2.000,-
2022-05-19,22.143,27,1.1429,-,2.000,-
2022-05-20,22.143,27,1.4286,-,1.714,-
2022-05-21,20.714,16,1.7143,-,1.714,-
2022-05-22,19.857,17,1.7143,-,1.714,-
2022-05-23,18.714,20,1.7143,-,1.714,0
2022-05-24,17.429,16,1.4286,-,1.714,-
2022-05-25,17.857,16,1.1429,0,1.714,-
2022-05-26,17.429,19,1.1429,-,1.714,-
2022-05-27,17.714,18,1.1429,0,2.000,-
2022-05-28,18.857,19,1.1429,0,2.286,-
2022-05-29,20.714,14,1.4286,-,2.286,-
2022-05-30,20.571,22,1.4286,-,2.286,-
2022-05-31,21.143,24,1.7143,-,2.000,4
2022-06-01,21.714,29,1.7143,-,2.000,-
2022-06-02,22.286,18,1.7143,-,2.000,-
2022-06-03,22.143,22,1.4286,-,1.714,0
2022-06-04,22.000,23,1.4286,0,1.429,-
2022-06-05,21.000,18,1.4286,-,1.143,-
2022-06-06,23.000,21,1.4286,0,1.143,0
2022-06-07,25.429,23,1.4286,-,1.429,-
2022-06-08,25.857,22,1.4286,-,1.714,0
2022-06-09,26.429,32,1.4286,-,1.714,-
2022-06-10,29.000,39,1.4286,-,2.000,-
2022-06-11,30.286,26,1.4286,0,1.714,4
2022-06-12,31.286,22,1.4286,-,1.714,-
2022-06-13,31.000,39,1.4286,0,2.143,-
2022-06-14,31.714,32,1.4286,-,2.143,0
2022-06-15,31.286,29,1.7143,-,1.857,0
2022-06-16,32.571,30,1.7143,-,1.857,5
2022-06-17,33.571,44,2.0000,-,1.857,-
2022-06-18,35.000,23,2.0000,-,2.143,-
2022-06-19,36.429,31,1.7143,-,2.429,-
2022-06-20,40.143,46,1.7143,-,2.429,-
2022-06-21,39.143,42,2.0000,-,2.429,-
2022-06-22,41.286,39,2.0000,0,2.429,-
2022-06-23,44.429,56,2.0000,-,2.429,5
2022-06-24,47.571,37,2.0000,4,2.429,-
2022-06-25,50.286,38,2.0000,-,2.429,-
2022-06-26,53.286,53,2.0000,-,2.857,-
2022-06-27,53.000,68,1.7143,-,2.429,-
2022-06-28,56.571,61,1.4286,-,2.429,-
2022-06-29,58.571,60,1.4286,0,2.429,5
2022-06-30,56.286,54,1.4286,0,3.143,-
2022-07-01,55.143,62,1.4286,-,3.857,-
2022-07-02,55.857,52,1.4286,-,4.143,-
2022-07-03,56.571,37,1.4286,-,4.143,7
2022-07-04,56.571,60,1.7143,-,4.714,7
2022-07-05,55.857,66,1.7143,-,4.714,4
2022-07-06,56.714,65,1.7143,0,4.714,5
2022-07-07,58.286,54,1.7143,-,4.429,6
2022-07-08,58.286,57,1.7143,-,4.571,-
2022-07-09,58.714,58,1.7143,-,4.857,-
2022-07-10,60.857,48,2.0000,-,5.429,5
2022-07-11,63.429,60,2.0000,-,4.857,8
2022-07-12,67.571,69,2.4286,-,5.429,6
2022-07-13,68.000,80,2.4286,-,5.429,9
2022-07-14,70.429,72,2.4286,-,5.714,-
2022-07-15,71.000,86,2.8571,5,5.571,6
2022-07-16,72.000,61,2.8571,-,5.857,-
2022-07-17,71.857,65,3.5714,-,5.857,7
2022-07-18,72.714,64,3.8571,5,6.714,7
2022-07-19,70.857,76,3.4286,-,7.143,8
2022-07-20,70.714,79,3.4286,7,8.857,9
2022-07-21,70.143,78,3.7143,4,8.714,8
2022-07-22,71.143,73,3.2857,-,9.143,9
2022-07-23,71.571,60,3.5714,-,8.286,14
2022-07-24,71.000,61,2.8571,4,8.000,6
2022-07-25,69.143,71,2.5714,-,7.143,10
2022-07-26,71.286,79,2.2857,4,6.857,-
2022-07-27,71.143,75,2.2857,-,6.000,7
2022-07-28,72.286,65,2.4286,-,5.429,-
2022-07-29,75.143,88,2.4286,0,5.286,7
2022-07-30,76.000,59,2.1429,-,5.714,8
2022-07-31,77.143,69,2.1429,5,5.286,-
2022-08-01,81.143,91,2.8571,-,6.286,9
2022-08-02,84.000,85,3.1429,-,6.429,5
2022-08-03,84.714,83,3.4286,-,6.857,4
2022-08-04,82.714,93,3.2857,7,6.857,9
2022-08-05,83.000,108,4.0000,-,6.143,8
2022-08-06,80.000,64,4.5714,4,7.143,11
2022-08-07,80.000,55,5.1429,4,7.429,-
2022-08-08,80.000,93,5.0000,7,7.000,4
2022-08-09,75.000,64,5.4286,6,6.571,12
2022-08-10,76.143,83,4.8571,6,6.286,6
2022-08-11,77.000,93,4.5714,6,7.286,6
2022-08-12,76.429,73,4.1429,5,9.143,5
2022-08-13,77.714,72,4.2857,0,9.143,9
2022-08-14,77.571,61,4.1429,-,9.714,9
2022-08-15,75.000,89,3.8571,4,10.000,17
2022-08-16,74.000,73,3.4286,7,11.571,12
2022-08-17,71.857,82,4.0000,5,11.143,10
2022-08-18,69.857,75,4.0000,4,10.571,8
2022-08-19,67.286,66,4.2857,-,9.286,16
2022-08-20,64.143,57,3.2857,4,8.714,6
2022-08-21,61.714,47,2.8571,-,8.286,5
2022-08-22,59.143,71,2.8571,6,7.429,8
2022-08-23,58.286,51,2.8571,0,5.429,8
2022-08-24,57.429,65,2.5714,-,5.286,7
2022-08-25,57.571,57,2.8571,4,4.857,-
2022-08-26,57.000,60,2.2857,-,4.000,-
2022-08-27,58.143,51,3.5714,-,3.571,5
2022-08-28,55.571,48,4.0000,4,3.143,-
2022-08-29,55.714,67,3.7143,-,3.714,-
2022-08-30,56.571,59,4.1429,9,4.286,5
2022-08-31,56.857,47,4.1429,5,4.286,4
2022-09-01,57.571,58,4.2857,-,5.429,6
2022-09-02,54.000,66,4.2857,5,6.143,6
2022-09-03,54.714,53,3.2857,-,6.286,5
2022-09-04,57.000,53,2.8571,5,6.286,10
2022-09-05,59.714,42,3.1429,-,6.143,7
2022-09-06,63.714,64,3.1429,-,6.286,6
2022-09-07,65.857,63,3.1429,-,6.429,4
2022-09-08,66.571,77,2.7143,4,6.286,5
2022-09-09,70.714,94,3.1429,5,6.571,7
2022-09-10,75.143,68,3.1429,-,6.714,6
2022-09-11,76.857,58,3.1429,-,6.714,9
2022-09-12,76.429,71,2.5714,5,6.286,9
2022-09-13,75.143,95,2.5714,-,6.143,7
2022-09-14,74.857,75,2.5714,-,6.286,4
2022-09-15,74.286,74,2.5714,0,6.143,-
2022-09-16,76.571,85,2.8571,5,4.857,6
2022-09-17,74.143,66,3.2857,-,4.714,7
2022-09-18,73.857,54,3.8571,-,5.286,8
2022-09-19,70.714,87,4.4286,7,6.000,0
2022-09-20,70.286,78,4.5714,5,6.429,6
2022-09-21,68.429,73,4.5714,6,6.000,8
2022-09-22,70.000,52,4.5714,4,6.286,7
2022-09-23,67.143,82,3.8571,6,7.143,9
2022-09-24,68.857,53,3.8571,-,6.857,4
2022-09-25,68.429,65,3.7143,-,7.143,10
2022-09-26,71.571,67,3.1429,-,6.857,6
2022-09-27,71.143,90,2.2857,5,7.000,4
2022-09-28,71.714,70,2.2857,5,7.714,10
2022-09-29,70.143,74,2.2857,0,6.857,5
2022-09-30,72.143,79,3.0000,0,7.143,10
2022-10-01,69.571,57,2.5714,-,8.000,9
2022-10-02,69.714,54,2.5714,-,7.714,4
2022-10-03,68.714,81,2.8571,7,8.571,8
2022-10-04,66.714,72,3.1429,-,7.714,10
2022-10-05,66.143,71,2.8571,5,6.714,8
2022-10-06,66.429,67,3.4286,-,7.286,11
2022-10-07,61.857,65,2.7143,-,6.857,4
2022-10-08,62.000,53,2.7143,0,6.286,-
2022-10-09,59.000,56,2.8571,6,5.429,8
2022-10-10,55.571,49,2.8571,-,5.143,5
2022-10-11,55.714,73,3.1429,-,5.571,6
2022-10-12,54.714,50,3.4286,6,5.857,-
2022-10-13,53.143,43,3.4286,-,5.714,9
2022-10-14,54.571,66,3.4286,4,5.286,7
2022-10-15,53.286,46,3.4286,-,4.714,4
2022-10-16,54.143,45,3.1429,6,6.000,7
2022-10-17,57.286,59,3.8571,-,5.571,-
2022-10-18,58.286,64,3.8571,-,5.571,-
2022-10-19,57.286,56,4.1429,4,5.857,11
2022-10-20,57.714,65,3.8571,7,5.714,6
2022-10-21,57.714,73,3.8571,4,6.143,7
2022-10-22,58.571,39,4.1429,4,6.857,6
2022-10-23,59.000,48,3.5714,4,6.429,6
2022-10-24,58.714,59,2.8571,-,6.286,5
2022-10-25,57.429,70,3.2857,4,6.143,7
2022-10-26,61.000,59,3.2857,0,6.714,8
2022-10-27,64.714,63,3.4286,-,6.429,5
2022-10-28,66.286,64,4.0000,7,6.000,6
2022-10-29,64.571,64,3.7143,4,5.286,10
2022-10-30,66.143,74,4.0000,5,4.857,4
2022-10-31,65.429,70,4.0000,6,4.714,-
2022-11-01,66.857,58,3.5714,-,4.714,-
2022-11-02,66.286,70,3.2857,-,4.000,5
2022-11-03,63.143,58,3.1429,-,4.714,4
2022-11-04,62.714,74,2.5714,4,5.429,6
2022-11-05,66.000,60,2.5714,-,5.857,5
2022-11-06,66.857,52,2.8571,4,6.286,9
2022-11-07,69.286,67,3.2857,-,6.857,7
2022-11-08,67.571,81,3.0000,-,6.286,5
2022-11-09,68.143,76,3.0000,4,6.571,8
2022-11-10,68.714,75,2.7143,5,6.429,8
2022-11-11,70.286,62,3.0000,-,5.714,-
2022-11-12,68.000,64,3.0000,-,6.143,7
2022-11-13,68.714,56,2.7143,-,5.571,8
2022-11-14,67.714,78,2.2857,4,4.714,-
2022-11-15,72.429,65,2.2857,-,5.429,8
2022-11-16,71.143,81,2.2857,-,5.429,4
2022-11-17,71.143,68,2.2857,-,5.143,-
2022-11-18,69.714,95,2.0000,-,5.714,7
2022-11-19,71.857,55,2.0000,-,5.143,7
2022-11-20,75.714,56,2.2857,-,5.143,6
2022-11-21,79.714,68,2.2857,-,6.000,6
2022-11-22,78.714,80,3.7143,-,5.714,4
2022-11-23,81.286,108,4.1429,4,6.429,4
2022-11-24,84.714,96,4.8571,-,6.143,8
2022-11-25,91.571,88,5.2857,12,6.429,5
2022-11-26,97.429,73,5.2857,5,7.143,12
2022-11-27,100.429,80,5.7143,7,7.143,4
2022-11-28,106.571,116,5.7143,5,6.286,8
2022-11-29,113.143,121,4.2857,-,6.714,9
2022-11-30,121.857,129,4.5714,7,6.429,4
2022-12-01,123.143,139,4.8571,-,7.286,-
2022-12-02,130.143,134,5.7143,-,8.429,8
2022-12-03,133.143,134,6.8571,7,8.286,10
2022-12-04,136.714,89,7.1429,9,9.286,10
2022-12-05,140.429,165,8.2857,11,11.143,16
2022-12-06,148.429,142,9.0000,10,11.143,8
2022-12-07,150.000,154,8.5714,9,11.286,11
2022-12-08,155.429,165,8.4286,10,12.571,15
2022-12-09,158.429,190,8.5714,7,13.000,8
2022-12-10,164.857,145,8.2857,4,13.571,11
2022-12-11,171.286,127,8.7143,8,15.143,19
2022-12-12,172.857,186,8.2857,12,14.714,19
2022-12-13,175.000,187,8.5714,8,16.571,12
2022-12-14,174.571,199,9.4286,12,18.714,22
2022-12-15,180.143,176,9.5714,7,18.429,12
2022-12-16,186.571,205,10.0000,9,18.857,21
2022-12-17,189.857,142,10.5714,10,20.714,26
2022-12-18,188.857,166,9.4286,9,21.286,17
2022-12-19,192.143,231,9.7143,15,22.286,22
2022-12-20,191.857,210,9.8571,12,24.571,25
2022-12-21,195.143,192,10.1429,4,25.571,26
2022-12-22,191.714,199,10.8571,9,25.571,19
2022-12-23,182.857,203,10.1429,10,25.286,37
2022-12-24,181.429,165,10.1429,12,25.857,33
2022-12-25,183.857,142,11.4286,14,25.714,17
2022-12-26,184.143,169,11.5714,10,25.143,20
2022-12-27,177.143,200,10.8571,12,23.000,29
2022-12-28,173.714,209,10.1429,13,23.429,25
2022-12-29,172.429,201,9.4286,10,24.714,15
2022-12-30,174.000,154,9.5714,5,25.143,22
2022-12-31,166.714,141,9.8571,7,25.571,36
2023-01-01,152.000,133,9.2857,9,25.857,26
2023-01-02,140.429,180,9.4286,11,27.286,23
2023-01-03,132.429,149,9.7143,14,28.714,32
2023-01-04,123.286,106,9.7143,9,27.857,27
2023-01-05,115.429,120,9.2857,11,27.571,25
2023-01-06,104.714,98,8.7143,7,26.571,32
2023-01-07,97.286,77,7.4286,7,25.143,30
2023-01-08,94.714,78,6.4286,6,24.571,24
2023-01-09,89.286,105,5.1429,7,24.571,16
2023-01-10,86.429,97,5.0000,5,23.286,22
2023-01-11,82.000,88,4.2857,-,20.714,23
2023-01-12,77.571,82,3.7143,-,20.143,25
2023-01-13,71.857,78,3.0000,6,19.857,23
2023-01-14,65.143,46,3.0000,-,19.000,12
2023-01-15,60.857,47,3.0000,-,17.429,20
2023-01-16,53.857,65,3.2857,-,16.000,14
2023-01-17,50.429,50,2.7143,5,14.714,16
2023-01-18,48.429,58,2.7143,-,14.000,12
2023-01-19,46.286,33,2.7143,4,12.143,15
2023-01-20,43.857,54,2.4286,-,11.857,14
2023-01-21,41.857,32,2.0000,-,11.000,7
2023-01-22,38.286,32,2.0000,-,10.143,7
2023-01-23,39.429,48,1.7143,0,9.143,12
2023-01-24,35.714,36,1.4286,-,7.857,10
2023-01-25,35.429,33,1.4286,-,8.286,6
2023-01-26,34.286,41,1.4286,-,7.571,8
2023-01-27,32.143,28,2.0000,0,7.000,5
2023-01-28,31.857,30,2.0000,-,6.857,10
2023-01-29,32.143,24,1.7143,-,7.000,-
2023-01-30,30.000,33,1.4286,4,6.429,8
2023-01-31,30.857,34,1.7143,-,6.000,9
2023-02-01,29.143,35,1.4286,0,5.429,7
2023-02-02,28.857,26,1.4286,0,6.000,4
2023-02-03,29.286,34,1.4286,-,5.571,-
2023-02-04,28.143,18,1.4286,0,5.143,6
2023-02-05,27.571,22,1.7143,-,4.429,6
2023-02-06,29.000,36,2.2857,4,5.143,5
2023-02-07,28.571,26,2.2857,-,5.143,6
2023-02-08,29.143,31,2.5714,-,5.143,-
2023-02-09,28.429,36,2.5714,4,4.857,9
2023-02-10,27.571,31,2.2857,-,4.429,-
2023-02-11,27.571,22,2.2857,-,3.857,6
2023-02-12,26.429,17,2.2857,-,3.857,4
2023-02-13,26.286,30,1.7143,-,2.857,-
2023-02-14,26.143,26,1.7143,-,3.143,-
2023-02-15,27.571,23,1.4286,-,2.286,-
2023-02-16,27.857,35,1.4286,0,2.000,-
2023-02-17,27.000,30,1.1429,-,2.000,4
2023-02-18,28.286,32,1.1429,0,2.000,0
2023-02-19,28.714,19,1.1429,-,2.429,-
2023-02-20,27.429,24,1.1429,0,2.714,-
2023-02-21,26.857,35,1.1429,-,2.429,-
2023-02-22,24.857,26,1.4286,-,2.714,5
2023-02-23,24.714,26,1.4286,0,3.143,4
2023-02-24,26.857,26,1.7143,-,2.857,-
2023-02-25,26.714,18,2.0000,-,2.571,-
2023-02-26,28.000,18,2.0000,-,2.857,5
2023-02-27,28.286,39,2.2857,-,2.286,0
2023-02-28,29.429,34,2.2857,4,3.000,0
2023-03-01,30.571,35,2.2857,-,3.000,7
2023-03-02,31.714,28,2.2857,-,2.571,0
2023-03-03,31.714,34,2.2857,-,2.571,7
2023-03-04,34.000,26,1.7143,-,2.857,-
2023-03-05,33.571,26,1.7143,-,2.571,-
2023-03-06,35.143,39,1.7143,-,2.857,0
2023-03-07,36.429,50,1.7143,0,2.429,-
2023-03-08,36.000,32,1.7143,-,2.714,5
2023-03-09,36.000,39,1.7143,-,3.143,-
2023-03-10,35.857,43,1.7143,-,3.429,4
2023-03-11,34.000,23,2.0000,-,4.000,4
2023-03-12,36.571,26,2.0000,-,3.286,5
2023-03-13,34.286,38,1.7143,-,3.286,-
2023-03-14,34.143,37,1.7143,-,3.000,6
2023-03-15,35.286,50,1.4286,-,2.714,0
2023-03-16,37.429,23,1.4286,0,2.286,-
2023-03-17,37.286,42,1.4286,-,2.571,-
2023-03-18,38.429,31,1.4286,0,2.000,-
2023-03-19,38.000,41,1.4286,-,2.286,-
2023-03-20,41.286,37,1.7143,-,3.143,4
2023-03-21,41.429,45,1.4286,-,3.429,-
2023-03-22,40.714,47,1.7143,-,3.429,-
2023-03-23,39.286,46,1.7143,-,3.429,8
2023-03-24,40.286,43,1.7143,0,3.143,4
2023-03-25,40.429,26,2.0000,-,3.429,-
2023-03-26,40.714,31,1.7143,-,3.429,-
2023-03-27,41.429,44,1.7143,-,2.857,-
2023-03-28,42.000,46,2.0000,4,2.857,4
2023-03-29,44.000,49,2.0000,0,2.857,-
2023-03-30,46.286,51,2.0000,-,2.857,4
2023-03-31,46.714,47,2.0000,-,2.857,4
2023-04-01,47.143,40,2.0000,-,3.143,-
2023-04-02,48.143,47,2.2857,-,3.429,-
2023-04-03,48.143,47,2.5714,-,3.571,-
2023-04-04,48.143,49,2.2857,4,3.714,6
2023-04-05,49.000,56,2.2857,-,4.286,4
2023-04-06,51.571,51,2.2857,4,4.286,5
2023-04-07,51.000,47,2.2857,0,4.857,5
2023-04-08,53.143,46,2.2857,-,4.857,6
2023-04-09,55.143,65,2.8571,-,4.857,-
2023-04-10,56.571,43,2.5714,-,4.429,6
2023-04-11,58.286,64,2.8571,4,4.286,6
2023-04-12,58.857,70,2.8571,6,3.714,4
2023-04-13,56.429,61,3.1429,-,3.714,-
2023-04-14,58.286,59,3.1429,-,3.429,4
2023-04-15,55.714,50,3.1429,-,3.429,-
2023-04-16,52.429,48,2.5714,4,3.143,-
2023-04-17,53.857,56,2.5714,-,3.714,4
2023-04-18,52.143,46,2.5714,4,3.857,6
2023-04-19,52.286,47,2.5714,-,5.143,-
2023-04-20,51.714,71,2.2857,-,6.000,6
2023-04-21,50.429,47,2.2857,-,6.286,5
2023-04-22,51.286,51,2.4286,-,6.000,11
2023-04-23,51.857,44,2.8571,-,5.714,8
2023-04-24,49.286,47,2.8571,-,5.714,6
2023-04-25,51.000,52,2.8571,5,6.286,4
2023-04-26,49.286,51,3.2857,5,5.286,0
2023-04-27,48.143,53,3.2857,-,5.286,6
2023-04-28,47.429,59,3.2857,-,5.429,9
2023-04-29,49.000,39,2.8571,5,5.857,4
2023-04-30,47.714,36,2.4286,-,6.143,8
2023-05-01,48.000,42,2.4286,-,5.857,7
2023-05-02,45.286,63,2.4286,-,5.143,7
2023-05-03,45.000,42,2.0000,-,5.286,-
2023-05-04,45.143,55,2.0000,-,5.000,4
2023-05-05,47.143,40,2.4286,-,4.714,4
2023-05-06,46.143,37,2.4286,-,4.000,5
2023-05-07,46.143,37,2.4286,-,4.571,6
2023-05-08,45.143,56,2.4286,5,4.286,5
2023-05-09,44.286,56,2.4286,-,4.000,-
2023-05-10,44.286,42,2.4286,-,3.286,6
2023-05-11,42.857,48,2.4286,-,3.286,-
2023-05-12,40.429,34,2.0000,-,3.286,-
2023-05-13,39.000,37,2.0000,-,3.714,0
2023-05-14,39.714,27,2.0000,-,3.143,6
2023-05-15,39.000,39,2.0000,-,3.143,5
2023-05-16,39.143,46,2.0000,-,3.143,5
2023-05-17,37.286,47,2.0000,-,3.714,-
2023-05-18,36.714,43,2.0000,-,3.571,-
2023-05-19,37.286,35,2.0000,-,3.143,-
2023-05-20,36.143,24,2.2857,-,3.143,4
2023-05-21,35.143,23,2.2857,-,3.143,5
2023-05-22,33.571,43,2.2857,-,3.571,-
2023-05-23,33.429,38,2.0000,4,3.571,5
2023-05-24,33.143,40,2.0000,-,3.286,-
2023-05-25,32.714,32,1.7143,-,3.143,5
2023-05-26,31.000,34,1.4286,0,3.143,-
2023-05-27,29.857,22,1.1429,-,3.143,-
2023-05-28,28.143,20,1.1429,0,3.143,4
2023-05-29,28.714,31,0.8571,0,2.429,-
2023-05-30,28.143,30,0.8571,-,2.429,5
2023-05-31,28.286,28,0.5714,-,2.143,-
2023-06-01,27.429,36,0.5714,0,1.571,0
2023-06-02,27.286,30,0.8571,0,1.571,-
2023-06-03,26.429,23,0.5714,0,1.429,0
2023-06-04,24.857,14,0.5714,0,1.429,0
2023-06-05,24.286,30,0.5714,-,2.286,-
2023-06-06,22.286,24,0.8571,0,2.286,4
2023-06-07,22.429,17,1.1429,-,3.143,-
2023-06-08,23.429,32,1.1429,0,3.429,6
2023-06-09,22.429,16,1.1429,-,3.429,-
2023-06-10,22.714,24,1.1429,-,3.429,6
2023-06-11,24.000,21,0.8571,0,3.714,-
2023-06-12,22.571,23,1.1429,-,3.143,-
2023-06-13,23.714,26,1.1429,0,2.857,4
2023-06-14,22.143,26,0.8571,0,2.286,4
2023-06-15,20.571,22,0.8571,-,2.000,-
2023-06-16,21.286,24,0.8571,-,2.000,0
2023-06-17,21.286,13,0.8571,0,1.714,-
2023-06-18,19.429,10,1.1429,0,1.429,0
2023-06-19,18.429,28,1.1429,-,1.429,-
2023-06-20,17.143,26,1.1429,0,1.714,-
2023-06-21,17.286,13,1.1429,-,1.714,-
2023-06-22,17.429,15,1.1429,-,2.000,-
2023-06-23,15.429,15,1.1429,-,2.000,-
2023-06-24,13.857,14,1.4286,0,2.000,-
2023-06-25,14.000,11,1.4286,0,2.000,-
2023-06-26,14.714,14,1.4286,-,2.000,-
2023-06-27,13.571,15,1.1429,-,2.000,-
2023-06-28,13.429,14,1.4286,-,1.714,-
2023-06-29,13.286,20,1.4286,-,1.429,-
2023-06-30,12.571,7,1.1429,0,1.714,-
2023-07-01,11.857,13,1.1429,-,1.714,0
2023-07-02,11.714,10,0.8571,0,1.429,0
2023-07-03,10.143,9,0.5714,0,1.429,4
2023-07-04,11.286,10,0.5714,-,1.429,-
2023-07-05,11.714,13,0.2857,0,1.714,0
2023-07-06,11.571,9,0.5714,0,2.000,-
2023-07-07,11.571,15,0.5714,0,1.429,-
2023-07-08,11.000,16,0.5714,0,1.429,-
2023-07-09,11.143,9,0.5714,-,1.429,-
2023-07-10,11.143,9,0.8571,0,1.429,0
2023-07-11,10.429,6,0.8571,-,1.429,-
2023-07-12,9.143,14,1.1429,0,1.429,0
2023-07-13,8.714,9,0.8571,-,1.143,-
2023-07-14,9.000,10,1.1429,0,1.429,-
2023-07-15,10.143,7,1.1429,-,1.143,-
2023-07-16,10.000,6,1.4286,0,1.429,0
2023-07-17,9.857,11,1.1429,-,1.429,-
2023-07-18,10.429,14,1.1429,-,1.429,0
2023-07-19,10.571,13,0.8571,-,1.429,-
2023-07-20,11.000,8,0.8571,0,1.714,-
2023-07-21,10.714,14,0.5714,0,1.429,-
2023-07-22,10.571,8,0.2857,0,1.429,-
2023-07-23,10.571,9,0.0000,0,1.143,-
2023-07-24,10.286,9,0.0000,0,0.857,0
2023-07-25,9.571,13,0.0000,0,0.857,0
2023-07-26,9.714,13,0.2857,0,0.571,0
2023-07-27,10.714,6,0.5714,0,0.571,0
2023-07-28,10.286,9,0.5714,0,0.571,-
2023-07-29,10.714,9,0.5714,-,0.571,0
2023-07-30,10.571,16,0.5714,-,0.857,-
2023-07-31,11.143,6,0.8571,0,1.143,0
2023-08-01,11.143,16,1.1429,0,0.857,0
2023-08-02,12.286,12,1.1429,0,0.857,-
2023-08-03,11.571,10,1.1429,-,0.571,-
2023-08-04,14.000,9,1.4286,-,0.571,0
2023-08-05,13.571,17,2.0000,-,0.857,0
2023-08-06,13.571,11,2.2857,-,0.857,0
2023-08-07,14.429,23,2.0000,-,0.857,0
2023-08-08,15.857,13,1.7143,4,0.857,-
2023-08-09,15.429,12,1.4286,-,1.143,-
2023-08-10,15.857,16,1.4286,0,1.429,-
2023-08-11,15.000,19,1.4286,0,1.714,0
2023-08-12,15.857,14,1.1429,0,1.714,-
2023-08-13,17.857,14,1.1429,-,1.429,-
2023-08-14,20.143,17,1.4286,-,1.429,-
2023-08-15,21.286,19,1.7143,-,2.000,-
2023-08-16,22.143,26,1.7143,-,2.000,0
2023-08-17,24.143,32,1.7143,-,2.000,-
2023-08-18,25.286,27,1.7143,-,2.571,4
2023-08-19,28.000,20,1.4286,0,2.571,-
2023-08-20,28.857,28,1.1429,-,2.857,-
2023-08-21,29.000,25,1.1429,-,2.857,6
2023-08-22,27.857,38,0.8571,0,2.286,-
2023-08-23,28.429,32,0.8571,0,2.286,-
2023-08-24,27.286,33,0.5714,-,2.286,-
2023-08-25,28.000,19,0.2857,0,1.714,0
2023-08-26,27.143,24,0.5714,0,1.429,-
2023-08-27,27.857,20,0.8571,0,1.429,-
2023-08-28,28.714,30,1.1429,0,1.429,-
2023-08-29,28.571,32,1.1429,-,2.286,0
2023-08-30,28.857,37,1.1429,-,2.286,-
2023-08-31,29.286,39,1.4286,4,2.000,-
2023-09-01,31.000,18,1.4286,0,2.000,6
2023-09-02,32.714,26,1.4286,0,2.286,-
2023-09-03,32.429,23,1.4286,-,2.000,0
2023-09-04,33.429,42,1.4286,0,2.429,-
2023-09-05,35.000,44,1.4286,-,1.857,-
2023-09-06,36.143,35,1.7143,-,2.143,0
2023-09-07,36.714,46,1.7143,4,2.429,5
2023-09-08,37.429,29,2.0000,0,2.429,-
2023-09-09,37.571,34,2.0000,-,2.429,4
2023-09-10,37.857,27,2.0000,-,3.143,-
2023-09-11,35.143,47,1.4286,-,3.143,-
2023-09-12,35.143,45,1.7143,-,3.857,-
2023-09-13,34.286,37,1.7143,-,3.571,5
2023-09-14,34.429,27,1.4286,0,3.571,5
2023-09-15,32.143,29,1.4286,-,3.571,7
2023-09-16,32.000,28,1.4286,-,3.571,-
2023-09-17,32.857,28,1.4286,0,3.143,-
2023-09-18,34.286,31,2.0000,-,2.429,-
2023-09-19,35.286,44,2.0000,-,1.714,-
2023-09-20,35.571,43,1.7143,-,1.714,-
2023-09-21,34.286,37,2.0000,4,1.714,0
2023-09-22,36.286,36,2.0000,-,2.000,-
2023-09-23,34.429,30,2.0000,0,1.714,-
2023-09-24,33.000,19,2.0000,-,2.000,-
2023-09-25,33.143,45,1.4286,-,2.286,4
2023-09-26,34.286,31,1.1429,-,2.286,0
2023-09-27,34.571,33,1.4286,-,2.286,4
2023-09-28,36.143,38,1.4286,0,2.286,-
2023-09-29,36.286,44,1.7143,0,2.000,-
2023-09-30,38.429,32,1.7143,-,2.286,-
2023-10-01,39.571,30,1.4286,-,2.000,-
2023-10-02,40.571,46,2.0000,4,2.000,-
2023-10-03,42.286,46,2.2857,-,2.000,-
2023-10-04,44.714,41,2.2857,0,2.000,-
2023-10-05,47.714,45,2.0000,4,2.000,-
2023-10-06,46.429,56,1.4286,-,2.000,-
2023-10-07,48.857,49,1.4286,-,2.000,-
2023-10-08,50.857,51,1.7143,0,2.286,-
2023-10-09,54.000,37,1.4286,0,2.286,-
2023-10-10,55.857,63,1.4286,-,2.286,-
2023-10-11,57.714,55,1.4286,-,2.571,4
2023-10-12,58.571,67,1.4286,-,2.571,-
2023-10-13,63.714,69,1.4286,-,2.571,-
2023-10-14,67.286,62,1.8571,-,2.571,4
2023-10-15,69.714,57,1.8571,0,2.571,-
2023-10-16,70.857,73,1.8571,0,3.143,-
2023-10-17,74.571,88,1.8571,5,3.143,-
2023-10-18,77.714,72,1.8571,-,3.143,4
2023-10-19,81.143,75,2.8571,-,3.571,6
2023-10-20,86.286,95,3.5714,-,4.429,-
2023-10-21,91.571,84,3.7143,-,5.714,4
2023-10-22,96.429,81,4.1429,7,6.000,5
2023-10-23,102.571,109,4.1429,5,6.286,8
2023-10-24,107.286,125,4.1429,6,7.143,11
2023-10-25,110.429,106,4.4286,5,6.857,6
2023-10-26,114.857,118,4.0000,-,6.857,8
2023-10-27,119.429,128,3.8571,-,6.571,8
2023-10-28,122.143,106,4.0000,4,5.286,-
2023-10-29,128.857,112,3.8571,4,6.429,5
2023-10-30,134.857,141,4.1429,4,6.571,6
2023-10-31,137.571,144,5.2857,7,6.857,-
2023-11-01,143.143,153,5.0000,4,8.000,14
2023-11-02,147.286,160,6.2857,4,8.143,9
2023-11-03,156.429,147,7.0000,10,9.000,10
2023-11-04,160.000,145,6.7143,-,10.714,10
2023-11-05,163.714,141,7.2857,13,10.286,6
2023-11-06,164.143,205,7.2857,9,11.286,12
2023-11-07,171.429,169,6.1429,5,11.714,14
2023-11-08,170.857,179,7.1429,8,11.714,11
2023-11-09,171.714,163,6.1429,4,12.429,16
2023-11-10,168.143,198,6.0000,-,12.429,13
2023-11-11,166.571,141,6.1429,9,12.143,10
2023-11-12,165.286,147,5.7143,6,12.286,11
2023-11-13,163.143,180,6.1429,8,11.429,12
2023-11-14,155.571,158,6.7143,6,11.714,12
2023-11-15,148.857,170,6.1429,5,12.286,12
2023-11-16,145.714,148,5.5714,7,12.143,10
2023-11-17,144.714,145,5.5714,6,12.143,15
2023-11-18,142.429,94,5.2857,5,12.429,14
2023-11-19,139.429,125,5.2857,-,13.857,10
2023-11-20,141.286,173,4.8571,8,13.857,12
2023-11-21,150.571,142,4.7143,4,14.000,14
2023-11-22,154.000,149,4.8571,5,14.000,22
2023-11-23,155.000,161,5.5714,4,14.429,10
2023-11-24,155.000,210,5.8571,5,14.429,16
2023-11-25,154.000,118,6.5714,6,14.286,14
2023-11-26,151.571,132,6.5714,7,13.571,13
2023-11-27,150.714,173,7.0000,10,15.286,12
2023-11-28,145.143,135,7.2857,9,14.714,13
2023-11-29,143.429,132,7.4286,5,15.000,17
2023-11-30,139.286,155,7.5714,7,14.429,22
2023-12-01,133.286,171,6.8571,7,14.571,12
2023-12-02,132.571,106,6.1429,7,14.857,16
2023-12-03,132.571,103,6.4286,8,-,9
2023-12-04,129.000,131,6.1429,5,-,13
2023-12-05,121.000,130,6.5714,4,-,15
2023-12-06,123.571,132,6.4286,7,-,13
2023-12-07,125.143,130,6.2857,5,-,12
2023-12-08,124.857,115,6.5714,10,-,15
2023-12-09,127.000,124,7.4286,6,-,19
2023-12-10,127.143,114,8.1429,7,-,11
2023-12-11,126.143,129,7.7143,7,-,17
2023-12-12,129.286,145,6.8571,10,-,11
2023-12-13,125.571,133,6.8571,12,-,16
2023-12-14,121.857,123,6.1429,-,-,9
2023-12-15,120.000,137,6.1429,4,-,8
2023-12-16,113.857,98,5.0000,6,-,10
2023-12-17,112.000,88,3.8571,-,-,17
2023-12-18,110.571,116,4.2857,7,-,13
2023-12-19,109.429,102,4.0000,-,-,13
2023-12-20,107.000,120,3.4286,4,-,6
2023-12-21,104.000,113,3.4286,5,-,10
2023-12-22,100.429,129,3.4286,-,-,16
2023-12-23,97.571,81,3.8571,-,-,7
2023-12-24,96.143,67,3.5714,-,-,14
2023-12-25,95.000,91,3.1429,7,-,11
2023-12-26,91.143,82,3.1429,5,-,9
2023-12-27,86.571,110,3.8571,-,-,10
2023-12-28,84.000,105,4.2857,-,-,9
2023-12-29,-,102,3.5714,-,-,9
2023-12-30,-,49,3.7143,7,-,11
2023-12-31,-,49,3.7143,5,-,6
2024-01-01,-,33,3.7143,-,-,7
2024-01-02,-,16,4.1429,6,-,10
2024-01-03,-,18,3.4286,-,-,10
2024-01-04,-,21,3.0000,-,-,5
2024-01-05,-,14,-,5,-,4
2024-01-06,-,11,-,-,-,4
2024-01-07,-,16,-,-,-,7
2024-01-08,-,21,-,-,-,6
2024-01-09,-,24,-,-,-,4
2024-01-10,-,14,-,-,-,4
2024-01-11,-,19,-,-,-,5
2024-01-12,-,21,-,-,-,-
2024-01-13,-,9,-,-,-,-
2024-01-14,-,9,-,-,-,-
2024-01-15,-,-,-,-,-,-