year,country,trust,trust_first,trust_first_not_very_much,trust_first_not_at_all,trust_personally,trust_personally_not_very_much,trust_personally_not_at_all,take_advantage,confidence_E069_01,confidence_E069_02,confidence_E069_03,confidence_E069_04,confidence_E069_05,confidence_E069_06,confidence_E069_07,confidence_E069_08,confidence_E069_09,confidence_E069_10,confidence_E069_11,confidence_E069_12,confidence_E069_13,confidence_E069_14,confidence_E069_15,confidence_E069_16,confidence_E069_17,confidence_E069_18,confidence_E069_18A,confidence_E069_19,confidence_E069_20,confidence_E069_21,confidence_E069_22,confidence_E069_23,confidence_E069_24,confidence_E069_25,confidence_E069_26,confidence_E069_27,confidence_E069_29,confidence_E069_30,confidence_E069_31,confidence_E069_33,confidence_E069_40,confidence_E069_41,confidence_E069_42,confidence_E069_43,confidence_E069_44,confidence_E069_45,confidence_E069_54,confidence_E069_55,confidence_E069_56,confidence_E069_59,confidence_D001_B,confidence_G007_18_B,confidence_G007_35_B,confidence_G007_36_B
1984,Argentina ,23.68159,0,0,0,0,0,0,0,46.46766,19.00497,0,46.16915,30.54726,24.77612,71.54229,49.15423,0,0,0,0,35.42289,0,0,0,58.40796,0,0,0,0,0,0,0,0,0,0,0,0,0,0,0,0,0,0,0,0,0,0,0,0,0,0,0,0,0
1984,Australia ,46.66124,0,0,0,0,0,0,0,55.94463,66.36808,0,28.58306,23.94137,80.21173,54.96743,46.90554,0,0,0,0,77.93159,0,0,0,60.09772,0,0,0,0,0,0,0,0,0,0,0,0,0,0,0,0,0,0,0,0,0,0,0,0,0,0,0,0,0
1984,Finland ,56.03191,0,0,0,0,0,0,0,48.35493,71.08674,0,34.19741,54.93519,87.13858,64.50648,51.94417,0,0,0,0,44.1675,0,0,0,83.25025,0,0,0,0,0,0,0,0,0,0,0,0,0,0,0,0,0,0,0,0,0,0,0,0,0,0,0,0,0
1984,Hungary ,32.30874,0,0,0,0,0,0,0,36.81694,0,0,79.03005,56.21585,0,84.35793,69.94535,0,0,0,0,0,0,0,0,84.35793,0,0,0,0,0,0,0,0,0,0,0,0,0,0,0,0,0,0,0,0,0,0,0,0,0,0,0,0,0
1984,Japan ,37.87375,0,0,0,0,0,0,0,14.86711,33.9701,0,51.16279,29.73422,65.69768,26.82724,29.31894,0,0,0,0,23.42193,0,0,0,66.7774,0,0,0,0,0,0,0,0,0,0,0,0,0,0,0,0,0,0,0,0,0,0,0,0,0,0,0,0,0
1984,South Korea ,35.97938,0,0,0,0,0,0,0,61.23711,84.53608,0,67.52577,58.24742,71.64948,66.80412,85.77319,0,0,0,0,52.78351,0,0,0,78.96907,0,0,0,0,0,0,0,0,0,0,0,0,0,0,0,0,0,0,0,0,0,0,0,0,0,0,0,0,0
1984,Mexico ,16.87534,0,0,0,0,0,0,0,70.00544,48.12194,0,36.20033,34.29505,31.46434,27.49047,23.02667,0,0,0,0,30.37561,0,0,0,52.64017,0,0,0,0,0,0,0,0,0,0,0,0,0,0,0,0,0,0,0,0,0,0,0,0,0,0,0,0,0
1984,South Africa ,26.06516,0,0,0,0,0,0,0,69.48621,56.6416,0,44.54887,37.59399,58.27068,43.10777,48.30827,0,0,0,0,51.06517,0,0,0,62.96992,0,0,0,0,0,0,0,0,0,0,0,0,0,0,0,0,0,0,0,0,0,0,0,0,0,0,0,0,0
1993,Argentina ,22.35529,0,0,0,0,0,0,0,45.20958,28.34331,38.32336,27.34531,8.183633,26.24751,16.66667,7.385229,19.76048,0,0,0,24.4511,0,0,0,23.35329,0,0,0,0,0,0,0,0,0,0,0,0,0,0,0,0,0,0,0,0,0,0,0,0,0,0,0,0,0
1993,Brazil ,6.397306,0,0,0,0,0,0,0,74.80359,66.55444,66.21774,54.20876,47.25028,37.59821,23.28844,48.93378,31.70595,36.9248,0,0,57.63187,0,0,0,43.93939,0,0,0,0,0,0,0,0,0,0,0,0,0,0,0,0,0,0,0,0,0,0,0,0,0,0,0,0,0
1993,Belarus ,25.02463,0,0,0,0,0,0,0,52.90641,60.8867,0,25.3202,24.82759,21.28079,29.26108,19.50739,0,0,0,22.46305,36.65025,0,0,0,25.91133,0,0,0,0,0,0,0,0,0,0,0,0,0,0,0,0,0,0,0,0,0,0,0,0,0,0,0,0,0
1993,Chile ,22.06667,0,0,0,0,0,0,0,76,40.46667,73.4,42.66667,47.2,58.73333,63.4,49.2,53.46667,0,58.6,50.26667,52.66666,0,0,0,44.73333,32,0,29.26667,0,0,0,0,0,0,0,0,0,0,0,0,0,0,0,0,0,0,0,0,0,0,0,0,0,0
1993,China ,59.4,0,0,0,0,0,0,0,4.5,87.9,91.2,50,33,64.7,78.1,53.6,76.6,0,0,71,31.3,0,0,0,74.3,17.2,0,12.4,0,0,0,0,0,0,0,0,0,0,0,0,0,0,0,0,0,0,0,0,0,0,0,0,0,0
1993,Czechia ,30.1948,0,0,0,0,0,0,0,39.39394,39.82684,61.03896,45.88745,28.0303,34.09091,47.94372,33.54978,45.23809,70.02164,47.72727,48.05195,24.78355,0,0,0,45.56277,0,0,41.66666,0,0,0,0,0,0,0,0,0,0,0,0,0,0,0,0,0,0,0,0,0,0,0,0,0,0
1993,India ,33.52,0,0,0,0,0,0,0,84.92,92.4,72.6,64.16,50.52,39.08,65.04,70.96,62.76,19.96,43.36,53.04,58.68,0,0,0,62.8,0,0,21.4,0,0,0,0,0,0,0,0,0,0,0,0,0,0,0,0,0,0,0,0,0,0,0,0,0,0
1993,Japan ,37.58655,0,0,0,0,0,0,0,10.88032,23.9367,45.00495,54.5994,25.02473,57.76459,28.38773,33.0366,42.63106,25.22255,0,0,27.00297,0,0,0,61.32542,0,0,25.22255,0,0,0,0,0,0,0,0,0,0,0,0,0,0,0,0,0,0,0,0,0,0,0,0,0,0
1993,South Korea ,33.57314,0,0,0,0,0,0,0,57.15427,79.1367,63.8689,65.78737,65.70744,52.59792,33.81295,60.19184,97.44205,0,0,0,35.01199,0,0,0,66.10711,0,0,0,0,0,0,0,0,0,0,0,0,0,0,0,0,0,0,0,0,0,0,0,0,0,0,0,0,0
1993,Mexico ,30.24167,0,0,0,0,0,0,0,75.96342,46.83213,76.15938,48.33442,37.94905,31.67864,34.35663,27.69432,47.55062,0,24.23253,29.78446,44.93795,0,0,0,53.16786,26.64925,0,26.12671,0,0,0,0,0,0,0,0,0,0,0,0,0,0,0,0,0,0,0,0,0,0,0,0,0,0
1993,Nigeria ,21.67832,0,0,0,0,0,0,0,87.11288,60.53946,83.41658,70.82917,65.63436,43.65634,52.94705,74.92508,63.83616,68.23177,26.07393,37.66233,75.72427,0,0,0,63.93607,0,0,54.34566,0,0,0,0,0,0,0,0,0,0,0,0,0,0,0,0,0,0,0,0,0,0,0,0,0,0
1993,Poland ,31.34328,0,0,0,0,0,0,0,82.40938,62.26013,72.49467,43.60341,18.76333,27.93177,72.8145,73.56077,36.88699,0,0,0,64.49893,0,0,0,44.34968,0,0,0,0,0,0,0,0,0,0,0,0,0,0,0,0,0,0,0,0,0,0,0,0,0,0,0,0,0
1993,Russia ,34.72718,0,0,0,0,0,0,0,59.45946,65.88475,51.91229,42.17236,44.97705,34.11525,43.03926,43.90617,61.39725,53.13616,0,40.69352,42.42733,0,0,0,36.71596,0,0,62.67211,0,0,0,0,0,0,0,0,0,0,0,0,0,0,0,0,0,0,0,0,0,0,0,0,0,0
1993,Slovakia ,22.96137,0,0,0,0,0,0,0,50.2146,37.12446,59.65665,36.69528,23.81974,27.25322,35.40773,30.04292,34.76395,53.21888,34.76395,34.97854,30.25751,0,0,0,37.55365,0,0,20.38627,0,0,0,0,0,0,0,0,0,0,0,0,0,0,0,0,0,0,0,0,0,0,0,0,0,0
1993,South Africa ,27.63158,0,0,0,0,0,0,0,77.37573,66.33772,70.76023,46.27193,38.15789,68.05556,60.85526,50.32895,46.56433,0,0,50.62134,68.6769,0,0,0,70.76023,0,0,0,0,0,0,0,0,0,0,0,0,0,0,0,0,0,0,0,0,0,0,0,0,0,0,0,0,0
1993,Spain ,29.00662,0,0,0,0,0,0,0,43.97351,35.96027,66.8212,43.44371,38.74172,22.71523,29.66887,32.71523,51.19205,0,25.76159,32.84768,41.39073,0,0,0,48.6755,45.56292,0,17.21854,0,0,0,0,0,0,0,0,0,0,0,0,0,0,0,0,0,0,0,0,0,0,0,0,0,0
1993,Switzerland ,26.28571,0,0,0,0,0,0,0,0,0,0,0,0,0,0,0,0,0,0,0,0,0,0,0,0,0,0,0,0,0,0,0,0,0,0,0,0,0,0,0,0,0,0,0,0,0,0,0,0,0,0,0,0,0
1993,Turkey ,9.805825,0,0,0,0,0,0,0,64.66019,89.80582,0,40.19418,34.07767,61.45631,55.24272,48.73786,0,0,43.39806,0,26.40777,0,0,0,62.23301,30.7767,0,0,0,0,0,0,0,0,0,0,0,0,0,0,0,0,0,0,0,0,0,0,0,0,0,0,0,0
1998,Albania ,24.32433,0,0,0,0,0,0,0,53.05305,56.75676,0,16.31632,11.91191,71.87187,56.25626,16.21622,0,23.42342,37.93794,22.22222,13.31331,11.31131,30.13013,0,56.95696,81.08108,81.08108,0,78.67868,0,0,0,0,0,0,0,0,0,0,0,0,0,0,0,0,0,0,0,0,0,0,0,0,0
1998,Azerbaijan ,19.43057,0,0,0,0,0,0,0,66.28371,53.24675,0,29.72028,26.92308,37.71229,66.48351,37.46254,0,39.21079,85.86414,46.25375,33.36663,9.440559,12.33766,0,44.15585,16.48352,16.48352,0,19.68032,0,0,0,0,0,0,0,0,0,0,0,0,0,0,0,0,0,0,0,0,0,0,0,0,0
1998,Argentina ,17.14551,0,0,0,0,0,0,0,50.88044,22.61353,0,32.1594,9.175162,21.77942,14.45783,7.228915,0,25.85728,25.48656,7.877664,28.35959,59.77757,31.78869,0,26.50603,0,37.07136,0,33.54958,0,0,0,0,0,37.07136,0,0,0,0,0,0,0,0,0,0,0,0,0,0,0,0,0,0,0
1998,Australia ,39.59961,0,0,0,0,0,0,0,42.13867,65.9668,0,16.21094,24.41406,75.29297,29.78516,37.06055,0,25.04883,25.58594,15.23438,55.81055,53.51563,40.2832,0,34.0332,0,36.86523,0,48.04688,0,0,0,0,0,0,0,36.86523,0,0,0,0,0,0,0,0,0,0,0,0,0,0,0,0,0
1998,Bangladesh ,20.45901,0,0,0,0,0,0,0,97.04918,51.93443,0,64.19672,36.9836,36.13115,76.9836,71.47541,0,60.52459,77.2459,65.5082,52.52459,62.62295,62.22951,0,71.86886,0,59.21311,0,63.27869,0,0,0,0,0,0,59.21311,0,0,0,0,0,0,0,0,0,0,0,0,0,0,0,0,0,0
1998,Armenia ,23.5,0,0,0,0,0,0,0,64.85001,70.8,0,33.1,17.5,31.3,29.25,34.75,0,44.45,41.2,15.05,43.1,40.7,26.65,0,30.4,54.5,54.5,0,64.95,0,0,0,0,0,0,0,0,0,0,0,0,0,0,0,0,0,0,0,0,0,0,0,0,0
1998,Bosnia and Herzegovina ,26.91667,0,0,0,0,0,0,0,70.58333,86.16667,0,53,55.08334,78.66667,54.83334,59.16666,0,59.16666,69.33334,45.5,58.08333,55.75,51.5,0,69.41666,62.25,62.25,0,60.83334,0,0,0,0,0,0,0,0,0,0,0,0,0,0,0,0,0,0,0,0,0,0,0,0,0
1998,Brazil ,2.79965,0,0,0,0,0,0,0,73.92826,69.99125,0,60.89239,53.89326,44.88189,33.24584,58.61768,0,56.95538,48.29396,32.28346,66.92913,78.30271,66.22923,0,54.76815,0,57.48032,0,65.26684,0,0,0,0,0,57.48032,0,0,0,0,0,0,0,0,0,0,0,0,0,0,0,0,0,0,0
1998,Bulgaria ,23.69403,0,0,0,0,0,0,0,51.77238,75.74627,0,40.95149,26.86567,48.13433,42.16418,41.97761,0,63.24627,55.97015,26.6791,25.93284,29.19776,27.05224,0,35.54105,52.42537,52.42537,0,52.70522,0,0,0,0,0,0,0,0,0,0,0,0,0,0,0,0,0,0,0,0,0,0,0,0,0
1998,Belarus ,22.99235,0,0,0,0,0,0,0,71.03251,70.41109,0,40.15297,40.53537,36.80688,26.14723,45.8413,0,46.70172,47.89675,13.81453,58.4608,63.33652,54.1587,0,46.55832,48.42256,48.42256,0,55.16253,0,0,0,0,0,0,0,0,0,0,0,0,0,0,0,0,0,0,0,0,0,0,0,0,0
1998,Chile ,20.9,0,0,0,0,0,0,0,79.5,54.7,0,50.8,43.1,51,37.7,44.5,0,58.2,52.2,23.9,54.5,74.7,46.7,0,44.1,0,40.5,0,53.3,0,0,0,0,0,40.5,0,0,0,0,0,0,0,0,0,0,0,0,0,0,0,0,0,0,0
1998,China ,50.4,0,0,0,0,0,0,0,0,0,0,0,0,0,0,0,0,0,0,0,46.93333,49.2,58.53333,0,0,0,0,0,41.53333,0,0,0,0,0,0,0,0,0,0,0,0,0,0,0,0,0,0,0,0,0,0,0,0,0
1998,Taiwan ROC ,36.92308,0,0,0,0,0,0,0,60.64103,74.10256,0,39.10256,54.74359,57.94872,44.10257,57.30769,0,49.35897,67.5641,34.10257,51.66666,75.64102,72.17948,0,57.30769,0,0,0,45.25641,0,0,0,0,0,0,0,0,0,0,0,0,0,0,0,0,0,0,0,0,0,0,0,0,0
1998,Colombia ,10.72199,0,0,0,0,0,0,0,81.69295,60.43153,0,44.86307,33.3444,49.02905,24.19917,31.56846,0,49.21162,17.84232,17.02905,57.14523,68.24896,50.15768,0,46.90456,0,0,0,0,0,0,0,0,0,0,0,0,0,0,0,0,0,0,0,0,0,0,0,0,0,0,0,0,0
1998,Croatia ,22.82609,0,0,0,0,0,0,0,56.02007,77.34114,0,21.65552,20.90301,59.36455,39.88294,35.4515,0,21.40468,50.50167,21.07023,25.6689,47.2408,25,0,49.58194,29.93311,29.93311,0,25.08361,0,0,0,0,0,0,0,0,0,0,0,0,0,0,0,0,0,0,0,0,0,0,0,0,0
1998,Czechia ,27.2014,0,0,0,0,0,0,0,31.73496,42.19704,0,42.63295,37.40192,43.41761,19.79076,38.27376,0,49.08457,29.81691,14.29817,34.08893,52.57193,32.43243,0,28.42197,43.76635,43.76635,0,56.40802,0,0,0,0,0,0,0,0,0,0,0,0,0,0,0,0,0,0,0,0,0,0,0,0,0
1998,Dominican Rep. ,25.17986,0,0,0,0,0,0,0,70.74341,28.29736,0,31.65468,17.98561,11.99041,11.51079,9.11271,0,36.21103,11.99041,8.153478,43.64508,59.47242,48.20144,0,14.38849,0,39.80816,0,40.04796,0,0,0,0,0,0,0,0,0,39.80816,0,0,0,0,0,0,0,0,0,0,0,0,0,0,0
1998,El Salvador ,14.11483,0,0,0,0,0,0,0,62.51994,45.13557,0,45.77353,17.06539,48.88357,30.38278,0,0,48.64434,40.27113,16.58692,39.63317,35.24721,0,0,40.27113,0,0,0,48.56459,0,0,0,0,0,0,0,0,0,0,0,0,0,0,0,0,0,0,0,0,0,0,0,0,0
1998,Estonia ,21.05779,0,0,0,0,0,0,0,56.90499,45.54358,0,54.06464,39.66699,49.95103,41.62586,58.17826,0,66.69931,48.67776,21.5475,53.67287,69.73555,51.32224,0,60.03917,57.10088,57.10088,0,61.01861,0,0,0,0,0,0,0,0,0,0,0,0,0,0,0,0,0,0,0,0,0,0,0,0,0
1998,Finland ,47.923,0,0,0,0,0,0,0,54.60993,80.95238,0,29.98987,48.63222,84.90375,30.69909,33.33334,0,49.74671,31.00304,13.17123,49.13881,39.31104,27.25431,0,67.78116,30.59777,30.59777,0,52.38095,0,0,0,0,0,0,0,0,0,0,0,0,0,0,0,0,0,0,0,0,0,0,0,0,0
1998,Georgia ,17.67928,0,0,0,0,0,0,0,78.23705,50.54781,0,59.01395,25.59761,37.15139,39.44223,53.68526,0,59.81076,50,32.61952,51.64342,39.39243,36.75299,0,44.32271,54.63147,54.63147,0,55.92629,0,0,0,0,0,0,0,0,0,0,0,0,0,0,0,0,0,0,0,0,0,0,0,0,0
1998,Germany ,32.13228,0,0,0,0,0,0,0,27.14709,43.63277,0,17.32478,34.94571,60.85883,22.1619,43.43534,0,21.52024,20.03949,11.64857,24.5311,65.84403,47.87759,0,43.04047,27.8381,27.8381,0,37.61105,0,0,0,0,0,0,0,0,0,0,0,0,0,0,0,0,0,0,0,0,0,0,0,0,0
1998,Hungary ,22.46154,0,0,0,0,0,0,0,42.46154,56.46154,0,30.46154,23.69231,54.92308,37.38461,50,0,39.69231,42.46154,19.07692,32.76923,39.38462,28.92308,0,50.61538,57.38462,57.38462,0,60,0,0,0,0,0,0,0,0,0,0,0,0,0,0,0,0,0,0,0,0,0,0,0,0,0
1998,India ,32.84314,0,0,0,0,0,0,0,62.9902,73.52941,0,52.15686,45.4902,35.73529,53.33334,53.23529,0,46.76471,48.28431,39.41177,48.38235,41.61765,39.80392,0,66.81373,0,22.79412,0,28.77451,0,0,0,0,0,0,22.79412,0,0,0,0,0,0,0,0,0,0,0,0,0,0,0,0,0,0
1998,Japan ,39.75332,0,0,0,0,0,0,0,12.52372,59.48766,0,71.63188,39.65844,76.37571,24.19355,34.91461,0,68.02657,29.98103,17.26755,32.25806,56.64137,37.0019,0,74.09867,0,31.78368,0,46.48956,0,0,0,0,0,0,0,31.78368,0,0,0,0,0,0,0,0,0,0,0,0,0,0,0,0,0
1998,South Korea ,30.26421,0,0,0,0,0,0,0,41.95356,70.45637,0,64.53162,55.08407,47.23779,30.98479,77.502,0,61.0088,43.79504,24.81985,34.42754,84.46758,76.30104,0,58.44676,0,0,0,81.02482,0,0,0,0,0,0,0,0,0,0,0,0,0,0,0,0,0,0,0,0,0,0,0,0,0
1998,Latvia ,23.91667,0,0,0,0,0,0,0,60.58334,29.91667,0,49,32.08333,30.33333,24,42.25,0,56.91666,37.41667,9.833334,38.66666,56.16667,39.25,0,37,49.91667,49.91667,0,55.41667,0,0,0,0,0,0,0,0,0,0,0,0,0,0,0,0,0,0,0,0,0,0,0,0,0
1998,Lithuania ,21.30823,0,0,0,0,0,0,0,62.83449,35.38157,0,68.38454,19.52428,19.7225,23.58771,34.98513,0,73.24084,33.20119,12.2894,26.46184,45.78791,30.32706,0,20.51536,35.28246,35.28246,0,38.2557,0,0,0,0,0,0,0,0,0,0,0,0,0,0,0,0,0,0,0,0,0,0,0,0,0
1998,Mexico ,26.42384,0,0,0,0,0,0,0,75.82781,59.13907,0,51.0596,36.35762,33.04636,41.39073,40.7947,0,49.93378,41.45695,33.31126,51.0596,55.36424,42.98013,0,41.0596,0,43.77483,0,50.59603,0,0,0,0,0,0,0,0,43.77483,0,0,0,0,0,0,0,0,0,0,0,0,0,0,0,0
1998,Moldova ,21.84959,0,0,0,0,0,0,0,76.21951,56.09756,0,34.24797,34.34959,33.23171,39.73577,49.79675,0,44.9187,42.68293,16.66667,44.71545,46.13821,44.00407,0,49.28862,63.31301,63.31301,0,68.19106,0,0,0,0,0,0,0,0,0,0,0,0,0,0,0,0,0,0,0,0,0,0,0,0,0
1998,Montenegro ,30.41667,0,0,0,0,0,0,0,35.41666,57.5,0,31.66667,30.83333,52.08333,41.25,44.58333,0,38.75,44.58333,21.25,40.41667,40.41667,31.25,0,55.83333,34.58333,34.58333,0,42.5,0,0,0,0,0,0,0,0,0,0,0,0,0,0,0,0,0,0,0,0,0,0,0,0,0
1998,New Zealand ,47.46045,0,0,0,0,0,0,0,36.88593,57.11906,0,32.05662,19.81682,78.35137,14.15487,26.06161,0,35.55371,15.2373,5.745213,39.96669,41.71524,30.89092,0,44.62947,0,0,0,47.7935,0,0,0,0,0,0,0,0,0,0,0,0,0,0,0,0,0,0,0,0,0,0,0,0,0
1998,Nigeria ,16.03206,0,0,0,0,0,0,0,81.06213,41.28257,0,53.30661,44.93988,27.00401,23.54709,54.95992,0,55.76152,25,22.79559,58.86773,44.33868,48.29659,0,44.88978,0,61.42284,0,66.38277,0,0,61.42284,0,0,0,0,0,0,0,0,0,0,0,0,0,0,0,0,0,0,0,0,0,0
1998,Norway ,64.77374,0,0,0,0,0,0,0,53.14996,72.58208,0,32.38687,64.06389,85.35936,68.85537,50.48802,0,48.80213,65.66105,32.38687,58.65129,61.84561,41.79237,0,69.21029,28.30523,28.30523,0,72.22715,0,0,0,0,0,0,0,0,0,0,0,0,0,0,0,0,0,0,0,0,0,0,0,0,0
1998,Pakistan ,18.69031,0,0,0,0,0,0,0,76.26194,96.72578,0,54.02456,0,16.78035,0,46.93042,0,63.02865,0,30.96862,0,0,0,0,51.15962,0,0,0,0,0,0,0,0,0,0,0,0,0,0,0,0,0,0,0,0,0,0,0,0,0,0,0,0,0
1998,Peru ,4.872006,0,0,0,0,0,0,0,69.52931,40.54501,0,28.48885,14.36829,21.13955,13.87283,10.23947,0,33.19571,36.99422,6.028076,28.3237,42.52684,30.47068,0,16.10239,0,44.59125,0,44.67382,0,0,0,0,0,0,0,0,0,44.59125,0,0,0,0,0,0,0,0,0,0,0,0,0,0,0
1998,Philippines ,5.5,0,0,0,0,0,0,0,94,68.25,0,71.08333,53.83334,54.91667,59.33333,66.41667,0,69.83334,57.33333,44.33333,63.16666,72.41667,71.83333,0,65.66667,0,66,0,73.5,0,66,0,0,0,0,0,0,0,0,0,0,0,0,0,0,0,0,0,0,0,0,0,0,0
1998,Poland ,16.9124,0,0,0,0,0,0,0,65.91501,75.10841,0,43.10494,26.45273,51.25759,31.13617,31.2229,0,45.2732,36.25325,11.01474,41.97745,69.03729,41.28361,0,48.30876,47.35473,47.35473,0,53.16566,0,0,0,0,0,0,0,0,0,0,0,0,0,0,0,0,0,0,0,0,0,0,0,0,0
1998,Puerto Rico ,5.927835,0,0,0,0,0,0,0,85.30928,62.62886,0,49.31271,38.83162,55.75602,29.29553,55.24055,0,38.40206,51.80413,20.189,58.8488,74.14089,53.26461,0,47.50859,0,43.5567,0,64.34708,0,0,0,43.5567,0,0,0,0,0,0,0,0,0,0,0,0,0,0,0,0,0,0,0,0,0
1998,Romania ,17.91768,0,0,0,0,0,0,0,77.88539,79.90315,0,34.05972,27.92575,37.7724,18.15981,25.34302,0,47.37691,20.09685,12.99435,29.37853,36.72316,29.53995,0,42.69572,39.14447,39.14447,0,41.24294,0,0,0,0,0,0,0,0,0,0,0,0,0,0,0,0,0,0,0,0,0,0,0,0,0
1998,Russia ,23.23529,0,0,0,0,0,0,0,61.91176,66.47059,0,38.57843,38.13725,29.80392,20.78431,44.41176,0,45.78431,24.95098,17.54902,19.36275,64.80392,59.65686,0,38.03922,34.46078,34.46078,0,43.13726,0,0,0,0,0,0,0,0,0,0,0,0,0,0,0,0,0,0,0,0,0,0,0,0,0
1998,Serbia ,28.4375,0,0,0,0,0,0,0,36.01563,59.92187,0,21.40625,21.875,43.125,29.14063,29.53125,0,24.375,32.89063,15.9375,29.14063,40.625,27.8125,0,43.28125,20.46875,20.46875,0,20.23438,0,0,0,0,0,0,0,0,0,0,0,0,0,0,0,0,0,0,0,0,0,0,0,0,0
1998,Slovakia ,25.75342,0,0,0,0,0,0,0,57.3516,65.66209,0,41.36987,31.87215,38.99543,28.94977,38.90411,0,49.77169,41.55251,21.09589,28.85845,48.94977,39.54338,0,40.91324,49.86301,49.86301,0,50.31964,0,0,0,0,0,0,0,0,0,0,0,0,0,0,0,0,0,0,0,0,0,0,0,0,0
1998,Slovenia ,15.29295,0,0,0,0,0,0,0,37.04072,43.49553,0,42.10526,22.84012,46.27607,23.53525,27.11023,0,52.03575,39.42403,13.10824,37.83516,53.52532,39.92056,0,34.45879,37.83516,37.83516,0,35.84906,0,0,0,0,0,0,0,0,0,0,0,0,0,0,0,0,0,0,0,0,0,0,0,0,0
1998,South Africa ,15.36627,0,0,0,0,0,0,0,82.04429,50.52811,0,47.93867,33.56047,71.48211,56.0477,48.07496,0,59.35264,57.51278,37.51278,66.7121,38.63714,45.82624,0,54.10562,0,34.3782,0,40.10221,0,0,34.3782,0,0,0,0,0,0,0,0,0,0,0,0,0,0,0,0,0,0,0,0,0,0
1998,Spain ,28.65401,0,0,0,0,0,0,0,48.55491,42.19653,0,41.78365,30.22296,60.52849,34.76466,39.63666,0,38.72832,30.0578,17.8365,44.01321,58.62923,39.05863,0,44.59125,47.81173,47.81173,0,44.26094,0,0,0,0,0,0,0,0,0,0,0,0,0,0,0,0,0,0,0,0,0,0,0,0,0
1998,Sweden ,56.59068,0,0,0,0,0,0,0,48.26561,53.32012,0,28.444,41.9227,80.17839,43.50843,41.42715,0,48.06739,41.32805,27.65114,60.75322,71.95242,45.39148,0,61.34787,24.57879,24.57879,0,63.0327,0,0,0,0,0,0,0,0,0,0,0,0,0,0,0,0,0,0,0,0,0,0,0,0,0
1998,Switzerland ,34.48845,0,0,0,0,0,0,0,39.68647,46.61716,0,25.08251,33.49835,67.90429,44.30693,47.02971,0,32.92079,51.9802,25.82508,42.57426,36.9637,33.16832,0,66.08911,43.72937,43.72937,0,41.08911,0,0,0,0,0,0,0,0,0,0,0,0,0,0,0,0,0,0,0,0,0,0,0,0,0
1998,Turkey ,5.453592,0,0,0,0,0,0,0,60.77609,92.34399,0,49.50183,47.19455,67.4882,46.82748,65.39066,0,50.55061,45.6214,27.53015,59.25537,76.0881,71.26376,0,66.85894,47.19455,47.19455,0,43.10435,0,0,0,0,0,0,0,0,0,0,0,0,0,0,0,0,0,0,0,0,0,0,0,0,0
1998,Ukraine ,28.77979,0,0,0,0,0,0,0,60.58342,62.5756,0,40.98186,34.22269,35.32551,33.97367,36.42832,0,45.28638,40.51939,17.14692,43.40092,44.68161,38.38492,0,41.15973,36.89079,36.89079,0,43.5788,0,0,0,0,0,0,0,0,0,0,0,0,0,0,0,0,0,0,0,0,0,0,0,0,0
1998,North Macedonia ,7.537688,0,0,0,0,0,0,0,28.74372,35.67839,0,16.48241,12.96482,25.32663,14.67337,17.68844,0,20.70352,18.89447,10.65327,23.41709,34.47236,25.02513,0,22.61307,33.26633,33.26633,0,37.98995,0,0,0,0,0,0,0,0,0,0,0,0,0,0,0,0,0,0,0,0,0,0,0,0,0
1998,Great Britain ,29.09424,0,0,0,0,0,0,0,0,0,0,0,0,0,0,0,0,0,0,0,0,0,0,0,0,0,0,0,0,0,0,0,0,0,0,0,0,0,0,0,0,0,0,0,0,0,0,0,0,0,0,0,0,0
1998,United States ,35.21401,0,0,0,0,0,0,0,76.39429,84.4358,0,27.82101,31.51751,68.93645,28.21012,45.13618,0,28.59922,29.76654,20.75227,49.28664,43.19066,46.1738,0,35.66796,0,26.58884,0,45.97925,0,0,0,26.58884,0,0,0,0,0,0,0,0,0,0,0,0,0,0,0,0,0,0,0,0,0
1998,Uruguay ,21.1,0,0,0,0,0,0,0,55.5,36.7,0,61.2,39.6,51.5,40.6,43.8,0,56.7,40.6,36.2,43.3,68.8,47.7,0,60.5,0,50.1,0,56.8,0,0,0,0,0,0,0,0,50.1,0,0,0,0,0,0,0,0,0,0,0,0,0,0,0,0
1998,Venezuela ,13.33333,0,0,0,0,0,0,0,74.08334,59.5,0,58.16666,26.25,29.75,22.83333,29.83333,0,52.58333,26.33333,14.33333,51.91666,48.25,36.08334,0,36.83334,0,33.33334,0,35.91666,0,0,0,0,33.33334,0,0,0,0,0,0,0,0,0,0,0,0,0,0,0,0,0,0,0,0
2004,Albania ,23.2,0,0,0,0,0,0,49.3,65.4,53.3,0,34.1,27.8,64.3,43.7,35,0,53.3,57.3,28.6,37.9,31.3,32.1,0,0,80,80,83.2,81,0,0,0,0,0,0,0,0,0,0,0,0,0,0,0,0,0,0,0,0,0,0,0,0,0
2004,Algeria ,10.76443,0,0,0,0,0,0,49.14196,85.95944,61.23245,0,45.86583,25.35102,62.94852,29.17317,54.36818,0,44.46178,50.93604,17.16069,36.19345,0,24.72699,0,0,12.94852,12.94852,4.914196,12.5585,27.69111,0,0,0,0,0,0,0,0,0,0,0,0,0,0,0,0,0,0,0,0,0,0,0,0
2004,Argentina ,15.46875,0,0,0,0,0,0,52.73438,58.75,25,0,37.57813,10.85938,23.20313,10.46875,6.328125,0,32.10938,18.20313,6.796875,23.75,57.34375,27.26563,0,0,0,35.9375,0,35.15625,0,0,0,0,0,35.9375,0,0,0,0,0,0,0,0,0,0,0,0,0,0,0,0,0,0,0
2004,Bangladesh ,23.26667,0,0,0,0,0,0,55.4,98.26667,71.6,0,90,62.26667,52.6,86.4,95,0,81.2,86.46667,77.86667,88,75.4,72.39999,0,0,0,71.86667,62.8,81.4,0,0,0,0,0,0,71.86667,0,0,0,0,0,0,0,0,0,0,0,0,0,0,0,0,0,0
2004,Bosnia and Herzegovina ,15.58333,0,0,0,0,0,0,66.08334,48.58334,59.91667,0,24.75,21.25,63.33333,19.83333,29.16667,0,34.83333,29.33333,14.41667,32.58333,49.5,41.91666,0,0,47,47,37.33333,38,0,0,0,0,0,0,0,0,0,0,0,0,0,0,0,0,0,0,0,0,0,0,0,0,0
2004,Canada ,36.56137,0,0,0,0,0,0,32.41843,61.16002,65.66546,0,35.681,35.21492,79.59607,37.80424,49.35266,0,38.58105,40.13464,22.32004,53.44381,64.94044,58.36354,0,0,0,36.97566,46.19368,58.93319,0,0,0,36.97566,0,0,0,0,0,0,0,0,0,0,0,0,0,0,0,0,0,0,0,0,0
2004,Chile ,22.41667,0,0,0,0,0,0,67.41667,77.91666,46.75,0,46.91667,43.25,54.66667,33.66667,39,0,51.83333,56.5,26.16667,48.5,61.33334,41.91666,0,0,0,45.08333,39.16667,46.66667,0,0,0,0,0,45.08333,0,0,0,0,0,0,0,0,0,0,0,0,0,0,0,0,0,0,0
2004,China ,52.5,0,0,0,0,0,0,18,0,96,0,64.3,43,71.3,90.2,47.6,0,71.2,95.2,86.1,42.3,72.89999,78.2,0,0,9.2,9.2,5.8,37.1,0,0,0,0,0,0,0,0,0,0,0,0,0,0,0,0,0,0,0,0,0,0,0,0,0
2004,India ,38.86114,0,0,0,0,0,0,54.8951,78.87113,83.31668,0,59.69031,35.86414,33.96603,41.60839,37.86214,0,61.83816,48.55145,28.07193,32.16783,33.31668,34.71529,0,0,0,19.13087,0,22.67732,0,0,0,0,0,0,19.13087,0,0,0,0,0,0,0,0,0,0,0,0,0,0,0,0,0,0
2004,Indonesia ,45.7,0,0,0,0,0,0,27.5,95.3,73,0,52.6,33.8,51.2,39.8,57.2,0,59.8,50.6,31.2,44.7,51,47.3,0,0,0,47,0,42.5,0,47,0,0,0,0,0,0,0,0,0,0,0,0,0,0,0,0,0,0,0,0,0,0,0
2004,Iran ,49.60506,0,0,0,0,0,0,22.74881,80.96367,0,0,31.47709,21.64297,49.72354,57.38547,34.55766,0,45.81359,57.03002,24.05213,20.89258,38.5466,23.97314,0,0,0,14.73144,0,23.65719,0,0,0,0,0,0,0,0,0,0,0,0,0,0,0,0,0,0,0,0,0,0,0,0,0
2004,Iraq ,46.06452,0,0,0,0,0,0,39.01075,73.46236,52.51613,0,0,0,0,0,0,0,50.83871,36.43011,0,0,0,0,0,0,0,10.06452,0,13.2043,10.06452,0,0,0,0,0,0,0,0,0,0,0,0,0,0,0,0,0,0,0,0,0,0,0,0
2004,Israel ,22.85238,0,0,0,0,0,0,0,0,0,0,0,0,0,0,0,0,0,0,0,0,0,0,0,0,0,0,0,0,0,0,0,0,0,0,0,0,0,0,0,0,0,0,0,0,0,0,0,0,0,0,0,0,0
2004,Japan ,39.64758,0,0,0,0,0,0,57.63583,9.030837,61.52717,0,70.26431,33.5536,48.09104,19.75037,29.36858,0,65.19823,25.40382,16.51982,25.3304,49.92658,36.56388,0,0,0,32.23201,0,46.40235,0,0,0,0,0,0,0,32.23201,0,0,0,0,0,0,0,0,0,0,0,0,0,0,0,0,0
2004,Jordan ,27.06459,0,0,0,0,0,0,58.7081,88.87981,89.45216,0,57.48161,42.0278,88.22568,60.01635,59.03516,0,57.64514,81.19379,21.66803,46.68847,57.80867,44.64432,0,0,0,49.46852,0,31.8888,49.46852,0,0,0,0,0,0,0,0,0,0,0,0,0,0,0,0,0,0,0,0,0,0,0,0
2004,South Korea ,27.33333,0,0,0,0,0,0,54.33334,46.66667,62.41667,0,64.91666,49.08334,49.08334,10.25,63.75,0,62.58333,28.91667,10.16667,28.41667,70.58333,66.08334,0,0,0,0,0,55.08334,0,0,0,0,0,0,0,0,0,0,0,0,0,0,0,0,0,0,0,0,0,0,0,0,0
2004,Kyrgyzstan ,16.58677,0,0,0,0,0,0,53.30777,66.82646,56.9511,0,43.33653,38.25503,22.91467,35.57047,44.2953,0,51.4861,34.89933,25.40748,39.78907,47.17162,49.56855,0,0,54.4583,54.4583,39.02205,57.71812,0,0,0,0,0,0,0,0,0,0,0,0,0,0,0,0,0,0,0,0,0,0,0,0,0
2004,Mexico ,21.30293,0,0,0,0,0,0,62.60587,79.73942,51.72638,0,40.45603,26.38437,28.33876,21.10749,20.26059,0,45.47231,35.83062,23.84365,42.54072,49.64169,32.76873,0,0,0,31.72638,24.95114,38.30619,0,0,0,0,0,0,0,0,31.72638,0,0,0,0,0,0,0,0,0,0,0,0,0,0,0,0
2004,Moldova ,14.0873,0,0,0,0,0,0,74.30556,81.25,54.56349,0,42.36111,30.95238,33.73016,33.43254,44.04762,0,47.81746,35.9127,23.21428,43.94841,43.84921,38.09524,0,0,65.77381,65.77381,56.34921,64.58333,0,0,0,0,0,0,0,0,0,0,0,0,0,0,0,0,0,0,0,0,0,0,0,0,0
2004,Montenegro ,32.92453,0,0,0,0,0,0,47.92453,46.13208,47.92453,0,22.83019,17.26415,37.92453,30.75472,25.66038,0,36.32076,31.79245,23.86792,25.37736,27.92453,22.26415,0,0,46.88679,46.88679,17.07547,41.22641,0,0,0,0,0,0,0,0,0,0,0,0,0,0,0,0,0,0,0,0,0,0,0,0,0
2004,Morocco ,21.74261,0,0,0,0,0,0,62.7498,99.52039,67.94564,0,29.97602,12.78977,50.59952,18.78497,34.85212,0,27.25819,53.63709,13.90887,27.25819,45.56355,29.65628,0,0,13.02958,13.02958,3.756994,7.593925,19.02478,0,0,0,0,0,0,0,0,0,0,0,0,0,0,0,0,0,0,0,0,0,0,0,0
2004,Nigeria ,25.32146,0,0,0,0,0,0,68.79327,94.70821,45.8457,0,62.85856,63.00693,34.37191,42.97725,68.59545,0,71.4639,46.43917,42.68052,67.80415,58.11078,49.80217,0,0,0,22.10682,0,65.18299,22.10682,0,0,0,0,0,0,0,0,0,0,0,0,0,0,0,0,0,0,0,0,0,0,0,0
2004,Pakistan ,28.15,0,0,0,0,0,0,57.35,87.9,84.6,0,45.35,19.55,27.95,73.5,36.5,0,50.9,33.3,23.8,24.3,23.5,19.9,0,0,0,13.55,0,18.95,0,0,0,0,0,0,13.55,0,0,0,0,0,0,0,0,0,0,0,0,0,0,0,0,0,0
2004,Peru ,10.59294,0,0,0,0,0,0,68.95403,70.68621,21.91872,0,22.85143,21.11925,16.18921,9.46036,8.86076,0,25.11659,19.18721,7.861426,24.71686,42.97135,32.77815,0,0,0,39.70686,0,41.37242,0,0,0,0,0,0,0,0,0,39.70686,0,0,0,0,0,0,0,0,0,0,0,0,0,0,0
2004,Philippines ,8.5,0,0,0,0,0,0,27.5,91,73.5,0,69.41666,55,61.16667,60.66667,69.58334,0,72.66667,50.08333,45.25,57.66666,73.33334,75.91666,0,0,0,59.08333,51.91666,73,0,59.08333,0,0,0,0,0,0,0,0,0,0,0,0,0,0,0,0,0,0,0,0,0,0,0
2004,Puerto Rico ,22.36111,0,0,0,0,0,0,58.05556,82.91666,51.94445,0,40.13889,40.41667,55.69444,27.22222,25.97222,0,26.25,43.47222,19.44444,42.91667,66.80556,53.33334,0,0,0,64.16666,0,63.88889,0,0,0,0,0,0,0,0,0,0,61.11111,0,0,0,0,0,0,0,0,0,0,0,0,0,0
2004,Saudi Arabia ,50.53262,0,0,0,0,0,0,47.00399,95.73901,0,0,61.51798,0,0,0,65.11318,0,66.37817,0,0,54.12783,50.73236,38.28229,0,0,0,0,0,29.16112,0,0,0,0,0,0,0,0,0,0,0,0,0,0,0,0,0,0,0,0,0,0,0,0,0
2004,Serbia ,18.33333,0,0,0,0,0,0,45.66667,49.16667,72.41667,0,27.41667,18.91667,45.91667,20.91667,25.33333,0,28.41667,28.25,13.08333,27.75,33.83333,28.5,0,0,23.75,23.75,5.25,15.66667,0,0,0,0,0,0,0,0,0,0,0,0,0,0,0,0,0,0,0,0,0,0,0,0,0
2004,Singapore ,14.55026,0,0,0,0,0,0,52.31481,0,0,0,0,0,0,0,0,0,0,0,0,0,0,0,0,0,0,0,0,0,0,0,0,0,0,0,0,0,0,0,0,0,0,0,0,0,0,0,0,0,0,0,0,0,0
2004,Vietnam ,38.7,0,0,0,0,0,0,23.3,21.7,94.7,0,80.8,71.9,91,94,73.8,0,90.7,96.9,87.1,42.5,75,80.8,0,0,0,60.9,0,49.2,0,60.9,0,0,0,0,0,39,0,0,0,0,0,0,0,0,0,0,0,0,0,0,0,0,0
2004,South Africa ,12.9,0,0,0,0,0,0,62.46667,80.6,47.4,0,52.06667,37.2,57.96667,43.76667,43.6,0,63.36667,48.83334,30.96667,67.03333,51.63334,47.63333,0,0,0,24.96667,30.2,49.83333,0,0,0,0,0,0,0,0,0,0,0,0,0,0,0,0,0,0,0,0,0,0,0,0,0
2004,Zimbabwe ,10.97804,0,0,0,0,0,0,63.47305,81.83633,54.89022,0,48.50299,45.70858,62.67465,43.01397,53.39322,0,52.49501,47.50499,23.75249,66.96607,44.91018,46.20758,0,0,0,32.83433,11.87625,43.41317,0,0,0,0,0,0,0,0,0,0,0,0,0,0,0,0,0,0,0,0,0,0,0,0,0
2004,Spain ,32.75434,0,0,0,0,0,0,44.00331,42.43176,40.69479,0,40.1158,30.85194,61.7866,47.06369,40.1158,0,38.29611,43.42432,26.55087,41.52192,56.24483,43.92059,0,0,50.53764,50.53764,31.1828,49.0488,0,0,0,0,0,0,0,0,0,0,0,0,0,0,0,0,0,0,0,0,0,0,0,0,0
2004,Turkey ,18.99441,0,0,0,0,0,0,77.91826,69.50897,85.73949,0,33.93119,49.015,67.71538,44.45751,60.74684,0,36.40106,44.63393,27.08027,49.66186,65.48074,61.42311,0,0,0,0,0,44.28109,0,0,0,0,0,0,0,0,0,0,0,0,0,0,0,0,0,0,0,0,0,0,0,0,0
2004,Uganda ,7.784431,0,0,0,0,0,0,67.66467,85.32935,73.9521,0,63.97206,48.50299,53.99202,74.2515,61.57685,0,61.47705,75.5489,37.42515,62.47505,67.36527,67.76447,0,0,0,18.46307,24.5509,77.14571,0,0,0,0,0,0,0,0,0,0,0,0,0,0,0,0,0,0,0,0,0,0,0,0,0
2004,North Macedonia ,13.27014,0,0,0,0,0,0,63.60189,45.40284,53.83886,0,19.14692,12.22749,50.42654,6.919431,16.3981,0,21.80095,10.80569,9.2891,21.04265,37.91469,40.66351,0,0,31.75356,31.75356,26.35071,35.54502,0,0,0,0,0,0,0,0,0,0,0,0,0,0,0,0,0,0,0,0,0,0,0,0,0
2004,Egypt ,37.46667,0,0,0,0,0,0,49.66667,83.63333,57.1,0,64.13333,50.6,87.43333,64.56667,58.36667,0,66.93333,53.33334,40.96667,24.16667,69.16666,65.76667,0,0,0,62.96667,0,26.43333,62.96667,0,0,0,0,0,0,0,0,0,0,0,0,0,0,0,0,0,0,0,0,0,0,0,0
2004,Tanzania ,7.685739,0,0,0,0,0,0,45.60205,90.00854,88.55679,0,72.50214,60.80273,65.41418,75.49104,62.59607,0,75.14944,78.99231,55.9351,62.59607,52.17763,72.50214,0,0,0,77.71136,0,76.6012,0,0,77.71136,0,0,0,0,0,0,0,0,0,0,0,0,0,0,0,0,0,0,0,0,0,0
2004,United States ,35.91666,0,0,0,0,0,0,37.41667,75.33334,81.33334,0,26.33333,36.58334,71.41666,37.08333,52.08333,0,24.66667,38,22.33333,52.41666,58.16666,57.16666,0,0,0,36.75,46,55.16667,0,0,0,36.75,0,0,0,0,0,0,0,0,0,0,0,0,0,0,0,0,0,0,0,0,0
2004,Venezuela ,15.83333,0,0,0,0,0,0,63.25,76.5,63.33333,0,64.66666,22.66667,41.25,33.58334,36.91667,0,63.75,55.66667,20,62.66667,65.41666,45,0,0,0,40.25,43.75,47.25,0,0,0,0,40.25,0,0,0,0,0,0,0,0,0,0,0,0,0,0,0,0,0,0,0,0
2010,Andorra ,20.53839,26.71984,35.59322,37.38784,90.92722,7.278165,1.694915,0,18.54437,0,0,37.08873,27.41775,60.41874,0,36.29113,0,32.70189,32.6022,17.04885,30.60817,62.41276,66.10169,0,36.09172,45.36391,45.36391,0,40.37886,0,0,0,0,0,0,0,0,0,0,0,60.71785,0,0,0,0,0,0,0,0,0,97.60718,52.84147,74.17747,79.46162
2010,Argentina ,16.56687,29.04192,43.61277,23.85229,84.53094,11.37724,2.894212,0,50,28.54292,42.71457,33.73253,6.287425,19.56088,11.97605,7.185629,0,30.33932,35.42914,7.085828,22.75449,53.19361,29.94012,0,19.16168,0,29.04192,0,18.46307,0,0,0,0,0,34.03194,0,0,0,0,29.04192,61.77645,23.65269,0,0,0,7.58483,0,0,0,0,97.30539,67.16566,58.38323,56.08782
2010,Australia ,47.57213,49.40183,37.64954,11.54117,96.83321,1.688951,.2814919,0,38.14215,81.42154,0,11.33005,28.21956,81.63265,34.69388,39.40887,0,16.95989,39.40887,14.00422,29.48628,58.97256,59.60591,0,52.92048,0,31.52709,0,44.61647,0,0,0,0,0,0,0,0,0,0,0,67.98029,0,0,0,0,0,0,0,0,0,98.31105,81.14005,72.41379,74.7361
2010,Brazil ,9.066667,16.66667,29.4,53.73333,63.6,26.13334,9.733334,0,77.53333,68.73334,0,43.13334,45.26667,44.53333,24.73333,51.8,0,41.86666,45.93333,21.13333,56.86666,66.86667,64.8,0,49.4,0,39.8,0,46,0,0,0,0,0,39.8,0,0,0,0,0,66.06667,0,0,0,0,0,0,0,0,0,93.73334,55.13333,50.2,26.46667
2010,Bulgaria ,19.38062,19.08092,54.44555,22.97702,85.01498,11.98801,1.298701,0,58.04196,67.63236,0,47.95205,19.58042,53.64635,20.17982,39.56044,0,66.23376,33.46653,17.08292,28.87113,34.26574,31.86813,0,35.16484,56.04396,56.04396,0,51.74825,0,0,0,0,0,0,0,0,0,0,0,38.96104,0,0,0,0,0,0,0,0,0,97.5025,73.62637,39.06094,37.46254
2010,Canada ,41.03512,50.23105,34.88909,12.70795,95.84103,2.911275,.6931608,0,61.32163,72.31978,0,32.67098,30.31423,81.60813,34.33456,51.94085,0,32.62477,35.90573,21.90388,35.48983,68.9464,68.76155,0,64.2329,0,28.60443,0,55.40665,0,0,0,28.60443,0,0,0,0,0,0,0,72.78188,0,0,0,0,0,0,0,0,0,97.68946,83.59519,77.26433,72.45841
2010,Chile ,12.2,11.8,38,44.2,64.1,27,7.1,0,67.4,56.8,0,45.8,33.9,57.3,25.4,34.5,0,48.4,47.3,18.6,37.6,59.3,53.8,0,29.3,0,34.1,0,41,0,0,0,0,0,34.1,0,0,0,0,0,61.7,0,0,0,0,0,0,0,0,0,97.39999,55.4,32.8,28.5
2010,China ,48.66901,10.49724,62.7323,20.44199,79.30688,16.77549,.6027122,0,22.35058,80.56253,0,58.41286,38.07132,74.98744,80.16073,72.82773,0,64.43998,86.74033,74.53541,39.92968,53.13913,59.0658,0,75.74083,0,13.36012,0,26.87092,0,0,0,0,0,0,0,0,0,0,0,48.56856,0,0,0,0,0,0,0,0,0,97.68961,84.22903,10.74837,7.684581
2010,Taiwan ROC ,24.20538,19.6414,66.25917,13.85493,91.11654,8.475958,.4074979,0,31.54034,41.48329,0,16.95192,26.48737,37.97881,13.52893,40.9943,0,12.46944,33.41483,10.26895,31.21434,56.07172,56.64222,0,39.0383,0,32.76284,0,28.60636,0,0,0,0,0,0,0,0,0,0,0,55.50122,0,0,0,0,0,0,0,0,0,99.2665,81.2551,46.04727,29.91035
2010,Colombia ,14.31405,11.80165,36.69421,38.24793,55.20661,25.81818,5.818182,0,80.06612,59.90083,0,43.93388,26.18182,49.19008,24.16529,30.38017,0,47.04132,50.38017,19.04132,45.15702,50.31405,39.33884,0,34.08265,0,0,0,46.67768,0,0,0,0,0,0,0,0,0,0,0,54.67768,0,0,0,0,0,0,0,0,0,83.17355,48.95868,32.06612,25.19008
2010,Cyprus ,12.66667,13.90476,36.09524,49.80952,80,15.04762,4.761905,0,62,73.42857,0,37.80952,43.71429,70.28571,54,55.80952,0,39.80952,57.71428,35.90476,42.19048,63.2381,52.95238,0,73.80952,47.33333,47.33333,0,41.14286,0,0,0,0,0,0,0,0,0,0,0,66.19048,0,0,0,0,0,0,0,0,0,98,61.14286,32.76191,33.33334
2010,Ethiopia ,21.4,26,48.4,21,63,29.46667,5.2,0,58.73333,38.66666,0,23.6,23,29.93333,21.86667,28.86667,0,24.93333,23.93333,36.2,33,43.53333,42.8,0,24.73333,39.33334,39.33334,0,35.73333,0,0,35.06667,0,0,0,0,0,0,0,0,53.46667,0,0,0,0,0,0,0,0,0,96.26667,76.66666,36.2,24.46667
2010,Finland ,57.98817,51.97239,39.05326,8.284023,94.97041,4.339251,.591716,0,62.91913,87.37672,0,33.53057,61.04537,91.3215,55.71992,59.36884,0,51.77515,63.90532,28.59961,44.8718,55.42406,59.27021,0,81.36095,36.29191,36.29191,0,62.7219,0,0,0,0,0,0,0,0,0,0,0,58.87574,0,0,0,0,0,0,0,0,0,98.02761,84.81262,74.16174,69.82249
2010,France ,18.58142,44.95504,34.76524,19.78022,94.80519,3.896104,.8991008,0,45.45455,66.93307,0,38.06194,38.06194,70.92907,34.76524,53.74625,0,34.36563,28.77123,16.18382,38.66134,63.83616,45.65434,0,39.96004,38.56144,38.56144,0,53.54645,0,0,0,0,0,0,0,0,0,0,0,65.73427,0,0,0,0,0,0,0,0,0,94.60539,80.61938,74.92508,76.82317
2010,Georgia ,17.6,13.4,64.2,14.93333,87.73334,8.4,.3333333,0,86.93333,64.4,0,29.6,17.6,44.06667,22.73333,35.13333,0,32.2,30.53333,16.06667,29.06667,35.33333,31.53333,0,22.2,52.13334,52.13334,0,43.6,0,0,0,0,0,0,0,0,0,0,0,41.13333,0,0,0,0,0,0,0,0,0,99.6,90.2,33.53333,50.53333
2010,Germany ,31.3469,23.98256,50.2907,21.85077,91.90891,5.523256,.3875969,0,35.65891,46.41473,0,28.63372,28.63372,71.99612,21.26938,30.28101,0,33.52713,23.25582,12.5969,23.83721,53.00388,48.44961,0,54.26357,28.19767,28.19767,0,34.68992,0,0,0,0,0,0,0,0,0,0,0,59.01163,0,0,0,0,0,0,0,0,0,96.31783,73.78876,35.90116,35.36822
2010,Ghana ,8.474577,22.81617,38.52673,37.80965,63.03781,29.98696,6.453716,0,90.15646,75.6193,0,53.97653,45.76271,54.1721,63.36375,58.86571,0,69.16558,70.73012,40.09126,55.01956,58.67015,63.6897,0,62.38592,57.04042,57.04042,0,69.16558,0,0,66.62321,0,0,0,0,0,0,0,0,64.27641,0,0,0,0,0,0,0,0,0,93.54628,63.16819,52.412,35.78879
2010,Guatemala ,15.6,0,0,0,0,0,0,0,85,35.6,0,45.2,22.2,24.8,11.3,14.8,0,48.9,36.1,11.6,51.6,58.3,49.3,0,0,0,33.1,25.9,44.6,0,0,0,33.1,0,0,0,0,0,0,0,0,0,0,0,0,0,0,0,0,0,0,0,0,0
2010,Hong Kong SAR ,40.33546,0,0,0,0,0,0,0,0,52.39617,0,59.74441,48.48243,82.10863,49.12141,58.38658,0,70.28754,54.95208,26.51757,18.6901,76.03834,70.20766,0,0,0,0,0,0,0,0,0,0,0,0,0,0,0,0,0,0,0,0,0,0,0,0,0,0,0,0,0,0,0
2010,Hungary ,27.90467,32.17478,49.45382,17.47766,85.89871,12.51241,1.290963,0,45.58093,37.43793,0,20.75472,24.13108,46.67329,16.88183,43.39622,0,32.17478,16.286,9.433963,27.11023,54.22046,46.57398,0,53.12811,49.15591,49.15591,0,53.72393,0,0,0,0,0,0,0,0,0,0,0,52.73088,0,0,0,0,0,0,0,0,0,97.81529,80.93346,63.15789,58.88779
2010,India ,20.68966,24.53773,39.88006,28.78561,75.61219,18.34083,2.748626,0,74.36282,70.46477,0,63.01849,42.37881,56.17191,46.97651,38.23088,0,51.32434,44.07796,37.03148,33.68316,38.73063,41.37931,0,58.02099,21.13943,21.13943,0,25.63718,0,0,0,0,0,0,0,0,0,0,0,30.83458,0,0,0,0,0,0,0,0,0,96.75163,85.30735,41.72913,28.83558
2010,Indonesia ,37.46898,19.15633,58.2134,20.74442,83.07693,14.88834,1.141439,0,92.35732,72.45657,0,49.87593,40.94293,49.8263,34.2928,53.10174,0,60.09925,53.7469,28.78412,41.63771,58.16377,60.59554,0,49.97519,0,50.91811,0,46.6005,0,0,0,0,0,0,0,0,0,0,0,67.59305,0,0,0,0,0,0,0,0,0,98.46154,77.17122,37.81638,29.67742
2010,Iran ,10.53618,0,0,0,0,0,0,0,74.61568,57.25534,0,28.60892,23.65954,55.34308,40.68242,29.88376,0,44.16948,48.25647,19.61005,19.83502,43.1946,33.14586,0,42.33221,0,0,0,37.15786,0,0,0,0,0,0,0,0,0,0,0,55.08062,0,0,0,0,0,0,0,0,0,0,0,0,0
2010,Iraq ,38.61533,0,0,0,0,0,0,0,75.15735,59.23732,0,0,0,0,0,0,0,66.79008,56.60867,0,0,0,0,0,0,0,11.51425,0,11.51425,11.51425,0,0,0,0,0,0,0,0,0,0,0,0,0,0,0,0,0,0,0,0,0,0,0,0
2010,Italy ,27.47036,18.87352,53.16206,25.59288,67.49012,27.56917,3.359684,0,73.81423,66.99605,0,24.70356,32.90514,76.97629,31.81818,39.72332,0,17.09486,25.79051,16.10672,40.31621,64.32806,36.66008,0,50.09881,63.93281,63.93281,0,55.53359,0,0,0,0,0,0,0,0,0,0,0,72.13438,0,0,0,0,0,0,0,0,0,98.81423,67.09486,36.06719,39.52569
2010,Japan ,36.58759,0,0,0,0,0,0,0,8.302919,69.89051,0,72.5365,30.38321,65.14599,21.44161,30.20073,0,67.42701,29.10584,16.78832,36.22263,50.09124,32.48175,0,77.09854,0,36.22263,0,52.18978,0,0,0,0,0,0,0,36.22263,0,0,0,25.72993,0,0,0,0,0,0,0,0,0,0,0,0,0
2010,Jordan ,31.08333,24,42.91667,31.5,74.66666,17.75,6.583333,0,91.58334,93.75,83.83333,64.5,50,89,55.58334,53.33334,0,65.33333,83.16666,25.83333,48.33333,57.16666,53.83334,0,86.16667,0,42.75,0,31.66667,42.75,0,0,0,0,0,0,0,0,0,0,57.25,0,0,0,0,0,0,0,0,0,99.33334,85.66667,30.91667,28.75
2010,South Korea ,29.75,13.41667,58.91666,27.58333,84,14.33333,1.666667,0,49.75,47.91666,0,61.66667,41.41666,57.83333,25.66667,63,0,63.75,45.75,23.75,45.91667,71.08333,67.33334,0,50.08333,0,34.58333,0,58.83333,0,0,0,0,0,0,0,0,0,0,0,69.66666,0,0,0,0,0,0,0,0,0,99.33334,69,41.33333,27.91667
2010,Malaysia ,8.825978,14.40466,47.7935,37.80183,72.68942,24.06328,3.247294,0,90.84097,84.42964,0,63.69692,64.02998,74.60449,67.44379,69.77518,0,71.85678,75.43713,58.28477,54.28809,66.61116,69.85845,0,77.68526,0,52.8726,0,49.29226,0,0,0,0,0,0,0,52.8726,0,0,0,70.94088,0,0,0,0,0,0,0,0,0,99.0841,81.09909,35.55371,18.90092
2010,Mali ,14.8631,35.52803,38.98305,21.25163,76.206,17.34029,2.73794,0,89.37418,79.07432,0,51.56454,47.13168,62.84224,48.69622,52.02086,0,59.32204,64.86311,32.92047,51.62973,64.08083,63.42894,0,58.80053,56.84485,56.84485,0,60.23468,0,0,63.42894,0,0,0,0,0,0,0,0,58.14863,0,0,0,0,0,0,0,0,0,97.71838,84.61539,64.21121,59.5176
2010,Mexico ,15.44872,15.57692,34.80769,48.71795,66.08974,25.19231,8.076923,0,70.0641,62.5,0,49.10256,29.9359,33.07692,24.9359,24.35897,0,46.28205,43.91026,23.46154,45.57692,61.73077,63.07693,0,36.85897,0,40.89743,0,50.96154,0,0,0,40.89743,0,0,0,0,0,0,0,63.91026,0,0,0,0,0,0,0,0,0,90.96154,53.46154,31.41026,25
2010,Moldova ,17.59082,13.57553,41.8738,43.59465,75.23901,20.8413,3.72849,0,69.59847,36.04206,0,40.15297,24.09178,24.18738,27.62906,13.47992,0,50.38241,32.31358,20.45889,20.17208,36.42447,37.6673,0,29.34991,51.62524,51.62524,0,44.74187,0,0,0,0,0,0,0,0,0,0,0,42.44742,0,0,31.26195,0,0,0,0,0,0,97.80115,54.2065,25.23901,34.79924
2010,Morocco ,12.75,20.41667,44.75,32.58333,76.83333,18.33333,3.75,0,90.25,66,0,44.25,34.41667,59.5,41.75,48.25,0,54.58334,52.5,32.91667,41,50.25,47.91666,0,61.66667,22.08333,22.08333,0,16.08333,0,0,0,0,0,0,0,0,0,0,0,63.41666,0,0,0,0,0,0,0,0,0,99.08334,84.08333,21.66667,20.58333
2010,Netherlands ,42.19048,19.14286,58,16.95238,88.4762,10.19048,1.047619,0,27.61905,42.85714,0,31.71428,41.80952,58.57143,27.90476,29.2381,0,36.66667,26.28571,21.90476,29.80952,52.38095,38.19048,0,42.76191,27.80952,27.80952,0,35.14286,0,0,0,0,0,0,0,0,0,0,0,45.04762,0,0,0,0,0,0,0,0,0,91.80952,67.71429,40.85714,38.38095
2010,New Zealand ,48.53249,0,0,0,84.80084,0,.4192872,0,37.10692,66.56184,0,25.05241,23.0608,72.43187,31.76101,38.57442,0,33.85744,37.52621,13.41719,35.01048,43.18658,31.55136,0,44.33962,0,28.30189,0,42.24319,0,0,0,0,0,0,0,0,0,0,0,0,0,0,0,28.30189,0,0,0,0,0,92.7673,50.31447,30.81761,0
2010,Norway ,73.65854,65.7561,27.31707,5.756098,97.95122,1.170732,.1951219,0,50.04878,64.87804,0,36,64.78049,86.92683,61.85366,60.78049,0,48.78049,53.65854,28.29268,53.07317,71.90244,56.29268,0,85.36585,43.70732,43.70732,0,84,0,0,0,0,0,0,0,0,0,0,0,69.7561,0,0,0,0,0,0,0,0,0,98.7317,89.65853,77.95122,83.41463
2010,Peru ,6.333333,8.866667,30.6,59.86667,49.26667,33.06667,16.4,0,52,22,0,18.13333,12.33333,15.53333,7.333333,5.6,0,18.33333,11.33333,4.533333,18.8,43.46667,47,0,7.933333,0,24.26667,0,27.6,0,0,0,0,0,0,0,0,0,24.26667,0,40.93333,0,0,0,0,0,0,0,0,0,93.13334,38.13333,25.06667,16.86667
2010,Poland ,18.6,23,58.1,18.3,85.1,12.9,1.3,0,71,64.4,0,36.8,22.3,45.1,11.6,16.9,0,38.3,16.9,6.5,24.3,51.8,43,0,30.6,40.6,40.6,0,41.6,0,0,0,0,0,0,0,0,0,0,0,57.9,0,0,0,0,0,0,0,0,0,97.6,74.8,47.8,44
2010,Romania ,19.25676,12.04955,45.83334,36.14865,54.22297,34.12162,7.713964,0,87.61261,80.18018,0,40.31532,23.87387,38.62613,16.27252,27.92793,0,52.53378,25.39414,12.33108,31.64414,38.79504,34.79729,0,26.8018,55.01126,55.01126,0,54.61712,0,0,0,0,0,0,0,0,0,0,0,42.22973,0,0,0,0,0,0,0,0,0,96.11486,48.87387,27.08333,25.39414
2010,Russia ,25.03689,13.47762,43.67929,37.18642,82.53812,13.82194,2.164289,0,60.64929,63.69897,0,36.0059,31.38219,32.12002,27.49631,47.71274,0,44.17118,42.7939,20.51156,32.31677,55.23856,48.89326,0,36.0059,0,28.62764,0,35.85834,0,0,0,0,0,0,0,0,0,0,0,49.28677,0,0,28.62764,0,0,0,0,0,0,97.73734,66.45351,30.74274,34.3335
2010,Rwanda ,4.844061,34.50564,47.11347,17.58461,80.49104,16.98739,1.658925,0,77.77041,0,0,67.55143,45.85269,83.94161,72.13006,50.56403,0,48.90511,0,33.57664,33.84207,53.21832,62.0438,0,76.11148,37.88985,37.88985,0,36.62906,0,0,0,0,0,0,0,0,0,0,0,55.34174,0,0,0,0,0,0,0,0,0,96.68215,89.44924,66.68879,44.45919
2010,Serbia ,13.60656,20.40984,55.90164,20,81.55737,15.98361,1.47541,0,59.42623,50.4918,0,20.57377,16.88525,33.93443,19.91803,21.55738,0,18.27869,24.7541,12.45902,27.70492,45.2459,38.27869,0,27.54099,29.26229,29.26229,0,25.57377,0,0,0,0,0,0,0,0,0,0,0,45.65574,0,0,0,0,0,0,0,0,0,97.95082,64.42623,40.40984,42.45902
2010,Vietnam ,50.90301,21.13713,62.47492,12.10702,72.77592,24.34783,1.070234,0,49.89967,95.71906,0,87.42475,84.08027,88.89632,95.71906,80.20067,0,93.5786,95.71906,88.36121,59.59866,83.87959,93.77927,0,86.68896,0,69.09698,0,67.89297,0,0,0,0,0,0,0,0,0,0,0,86.35452,0,0,0,0,0,0,0,0,0,99.06355,89.83278,25.28428,15.91973
2010,Slovenia ,17.4542,9.257474,49.85535,38.09064,79.36355,17.4542,2.217936,0,33.46191,35.96914,0,27.19383,26.03664,37.12633,15.42912,15.62199,0,33.46191,22.95082,8.389585,27.57956,37.99421,34.42623,0,31.3404,32.88332,32.88332,0,29.60463,0,0,0,0,0,0,0,0,0,0,0,38.37994,0,0,0,0,0,0,0,0,0,97.0106,58.63066,24.97589,25.74735
2010,South Africa ,0,28.74833,40.46185,29.21687,79.68541,15.82999,4.016064,0,83.09906,58.3668,0,56.4257,41.16466,56.89424,60.14056,49.26372,0,69.84605,65.89692,38.75502,63.72155,58.40027,63.18608,0,62.08166,0,45.41499,0,47.99197,0,0,45.41499,0,0,0,0,0,0,0,0,63.85542,0,0,0,0,0,0,0,0,0,97.72423,70.58233,61.01071,48.96252
2010,Spain ,19.66667,30,44.41666,22,85.08334,12.25,1.75,0,32.08333,51.41666,0,40.41667,28,62.75,49.16667,39,0,33.83333,44.08333,27.66667,32.25,56.58333,53.83334,0,54,58,58,0,56.41667,0,0,0,0,0,0,0,0,0,0,0,61.66667,0,0,0,0,0,0,0,0,0,98.66667,74.83334,39.5,41.25
2010,Sweden ,65.30409,67.49751,24.62612,5.782652,98.00598,1.694915,.0997009,0,55.23429,46.06181,0,32.20339,49.85045,77.2682,53.63908,56.13161,0,52.84147,41.87437,32.80159,49.25224,73.28016,46.16151,0,72.98106,35.99202,35.99202,0,76.96909,0,0,0,0,0,0,0,0,0,0,0,64.40678,0,0,0,0,0,0,0,0,0,99.30209,87.33799,84.24725,87.23829
2010,Switzerland ,48.83159,48.50927,40.04835,9.911362,94.52055,4.109589,.6446414,0,47.30056,51.73248,0,37.63094,40.12893,83.23933,54.55278,65.83401,0,36.66398,67.04271,26.34972,40.93473,67.36503,54.79452,0,74.7784,41.74053,41.74053,0,50.68493,0,0,0,0,0,0,0,0,0,0,0,67.76793,0,0,0,0,0,0,0,0,0,98.06607,82.91701,66.31749,70.66882
2010,Thailand ,41.26467,17.34029,50.52151,31.5515,69.6871,24.57627,5.410691,0,69.23077,51.23859,0,43.80704,33.70274,43.35072,32.59452,43.74185,0,47.39244,38.52673,23.2073,24.57627,31.02999,38.78748,0,71.51238,23.92438,23.92438,0,29.07431,0,0,0,0,0,0,0,0,0,0,0,34.61539,0,0,0,0,0,0,0,0,0,98.23989,76.33638,28.61799,22.49022
2010,Trinidad and Tobago ,3.792415,20.75848,40.71856,36.92615,79.44112,15.06986,4.79042,0,50,40.11976,0,21.25749,25.5489,28.24351,15.96806,33.73253,0,24.2515,26.84631,10.27944,30.13972,40.11976,46.60678,0,32.13573,0,37.42515,0,40.11976,0,0,0,0,0,0,0,0,0,0,0,54.59082,0,37.42515,0,0,0,0,0,0,0,94.11178,60.17964,60.87824,55.18962
2010,Turkey ,4.754829,14.26449,45.83952,37.66716,76.07726,18.12778,5.349183,0,69.3165,84.99257,0,29.34621,38.03863,70.43091,56.98365,53.12036,0,31.64933,60.77266,31.64933,44.20505,51.56018,57.35513,0,73.25408,27.86032,27.86032,0,27.48886,0,0,0,0,0,0,0,0,0,0,0,61.73848,0,0,0,0,0,0,0,0,0,99.25706,72.28826,26.30015,25.55721
2010,Ukraine ,25.2,17.7,42.8,30.2,79.3,12.2,3.1,0,63.9,50,0,44.4,31.6,32.4,17.3,42.2,0,51,24.3,14.7,42.5,41,38.4,0,29.8,37.3,37.3,0,35.4,0,0,0,0,0,0,0,0,0,0,0,42.7,0,0,0,0,0,0,0,0,0,96.10001,67.6,30,33.6
2010,Egypt ,18.38741,26.90921,52.76958,20.1901,90.72436,7.505736,1.737135,0,0,0,0,60.76696,40.28188,0,0,57.48935,0,81.44871,0,0,44.31334,47.5254,45.75549,0,0,0,54.34283,0,33.07113,54.34283,0,0,0,0,0,0,0,0,0,0,85.21796,0,0,0,0,0,0,0,0,0,99.67224,94.65749,38.11865,20.58342
2010,Great Britain ,29.87512,44.57253,34.19789,14.31316,95.29298,2.977906,.5763689,0,41.59462,76.08069,0,12.9683,26.12872,72.14217,34.00576,41.97887,0,30.54755,32.94909,16.7147,32.94909,64.55331,53.21806,0,58.02113,22.47839,22.47839,0,38.61671,0,0,0,0,0,0,0,0,0,0,0,71.08549,0,0,0,0,0,0,0,0,0,97.31028,78.09798,64.74544,65.12968
2010,United States ,39.31145,42.51401,41.79343,13.21057,92.63411,4.243395,.4803843,0,64.69175,81.42514,0,23.45877,28.10248,71.09688,19.29544,41.15292,0,23.3787,37.30985,14.89191,25.78062,50.92074,51.32106,0,56.20496,0,25.46037,0,32.10568,0,0,0,25.46037,0,0,0,0,0,0,0,61.48919,0,0,0,0,0,0,0,0,0,95.59647,79.42354,78.38271,73.97918
2010,Burkina Faso ,13.82008,27.50978,38.98305,29.72621,59.58279,29.66102,7.822686,0,76.98827,64.34159,0,44.00261,40.67796,49.02216,32.26858,49.67405,0,48.63103,43.28553,24.83703,44.91525,57.10561,61.86441,0,42.30769,45.2412,45.2412,0,47.91395,0,0,50.91265,0,0,0,0,0,0,0,0,62.58149,0,0,0,0,0,0,0,0,0,94.85007,69.94785,52.28162,46.47979
2010,Uruguay ,24.6,35.2,35,28.8,80.7,14.1,4.3,0,50.2,38.1,0,49.5,31.4,52.6,46.2,22.7,0,50,60.7,35.8,35.6,60.4,64.8,0,54.7,0,36.6,0,46.6,0,0,0,0,0,36.6,0,0,0,0,0,66.7,0,0,0,0,0,0,0,0,0,96,75.1,55,53.8
2010,Zambia ,10.8,15.8,39.6,41.6,57.13334,33.86667,6.066667,0,86.2,53.4,0,46.6,28.33333,43.86667,39,37.46667,0,51.93333,40.93333,25.73333,38.4,34.6,47.13333,0,48.46667,32.46667,32.46667,0,53.8,0,0,0,0,0,0,0,0,0,0,0,48.26667,0,0,0,0,0,0,0,0,0,92.86667,57.2,37.46667,21.6
2014,Algeria ,17.16667,15.08333,31.08333,50.16667,60.58334,20.5,16.83333,0,67.83334,53.83334,0,29.41667,24.08333,52.33333,22,33.41667,0,40.58333,33.91667,18.83333,31.91667,27.25,26.58333,0,40,0,15.91667,0,9,0,0,0,0,0,0,0,0,0,0,0,39,34.66667,0,0,0,0,43,0,0,0,96.5,58.83333,13.58333,15.66667
2014,Azerbaijan ,16.16766,10.27944,15.16966,71.25748,55.48902,16.36727,27.44511,0,44.51098,75.9481,0,51.49701,45.40918,62.17565,63.57285,65.76846,0,63.37326,81.33733,44.11178,59.78044,49.002,50.5988,0,59.18164,34.23154,34.23154,0,35.62874,0,0,0,0,0,0,0,0,0,0,0,47.80439,60.87824,0,0,0,0,71.15768,0,0,0,88.22356,54.79042,35.32934,29.44112
2014,Argentina ,22.42719,27.76699,46.21359,24.56311,81.06796,14.17476,3.592233,0,47.08738,27.37864,0,34.75728,15.14563,23.30097,25.04855,15.14563,0,32.81553,32.13592,14.17476,32.23301,49.51456,37.96116,0,17.96116,0,36.1165,0,26.8932,0,0,0,0,0,36.1165,0,0,0,0,0,58.73786,29.80582,0,0,0,0,70.7767,0,0,0,98.93204,70.38834,54.95146,54.27185
2014,Australia ,54.02843,47.25795,38.0501,11.44211,94.10969,2.301963,.6770481,0,33.85241,85.03724,0,16.11374,26.54029,83.88625,30.67028,44.21124,0,17.60325,31.14421,12.59309,47.32566,57.27827,65.26743,0,59.98646,0,0,0,53.82532,0,0,0,0,0,0,0,0,0,0,0,71.36087,40.96141,0,0,0,0,80.50101,0,0,0,97.96886,78.8084,68.24644,71.36087
2014,Armenia ,10,16.90909,42.18182,39.27273,78,17,4.181818,0,80.54546,88.45454,0,28.45455,13.54545,38.72727,26.90909,33.90909,0,34.45454,39.54546,23.18182,35.72727,37.54546,32.90909,0,31.18182,43.09091,43.09091,0,42.63636,0,0,0,0,0,0,0,0,0,0,0,46.63636,56.90909,0,46.36364,0,0,55,0,0,0,98.09091,75,14.36364,26
2014,Brazil ,6.527591,17.76581,24.96635,56.4603,57.40242,28.60027,13.79542,0,70.3903,57.94078,0,45.42396,37.68506,45.08748,20.92867,50.53836,0,40.84791,41.18439,16.15074,58.00808,60.76716,61.44011,0,50.33648,0,29.34051,0,36.74294,0,0,0,0,0,29.34051,0,0,0,0,0,59.69044,49.52893,0,0,0,0,72.74563,0,0,0,92.59758,53.9031,57.40242,32.16689
2014,Belarus ,32.50814,22.14984,47.557,29.70684,82.73616,14.00651,2.801303,0,72.83388,74.07166,0,38.82736,43.84365,54.2671,48.5342,65.08144,0,45.6026,55.76547,34.98371,55.2443,65.34202,57.26384,0,54.72313,0,54.07166,0,55.30944,0,0,0,0,0,0,0,0,0,0,0,61.43323,51.20521,0,54.07166,0,0,75.2443,0,0,0,98.43648,68.07818,40.39088,42.34528
2014,Chile ,12.4,23.1,44.3,26.1,69.9,21.7,4.8,0,57,55.2,0,53.1,41.2,63.9,24.7,32,0,56.2,33.6,16.9,32.6,64.7,66.2,0,26.2,0,36.8,0,43.2,0,0,0,0,0,36.8,0,0,0,0,0,66.5,35.3,0,0,0,0,60.5,0,0,0,97.8,64.8,40.8,39.3
2014,China ,61.52174,11.13043,57.13043,19.34783,71.52174,17.08696,1.521739,0,17.30435,83.52174,0,59.47826,40.65217,66.13043,76.65218,65.08695,0,63.82608,83.73913,73.6087,53.3913,55.78261,54.26087,0,70.56522,0,24.6087,0,31.78261,0,0,0,0,0,0,0,24.6087,0,0,0,46.91304,74.30435,0,0,0,0,76.43478,0,0,0,93.65218,77.3913,9.086957,9.130435
2014,Taiwan ROC ,29.56381,27.78675,58.80452,10.98546,90.4685,6.865912,.5654281,0,66.80129,52.82714,0,27.38287,55.33118,62.60097,27.70598,59.45073,0,35.05654,45.23425,22.77868,64.94346,73.42488,76.89822,0,47.41518,0,42.40711,0,43.86107,0,0,0,0,0,0,0,42.40711,0,0,0,75.76736,75.92892,0,0,0,0,73.99031,0,0,0,98.54604,74.79806,51.61551,42.56866
2014,Colombia ,4.100529,11.70635,33.7963,53.90211,58.53174,31.28307,10.11905,0,74.27249,56.28307,0,36.37566,20.70106,45.43651,20.70106,22.94974,0,36.9709,39.21958,17.2619,60.97884,71.16402,70.96561,0,33.86243,0,29.56349,0,43.05555,0,0,0,0,0,0,0,0,0,0,0,70.7672,50.92593,0,0,0,0,72.35449,0,0,0,93.91534,50.26455,28.63757,21.95767
2014,Cyprus ,9,11.8,42.5,42.9,81.3,15.1,3.5,0,67.7,72.89999,0,47.9,47.3,64.60001,47.5,52.2,0,52.9,46.1,29.5,58.9,72.2,69.4,0,71.9,52.2,52.2,0,43,0,0,0,0,0,0,0,0,0,0,0,70.4,63.9,0,0,0,0,81.5,0,0,0,98,66.8,30,29.7
2014,Ecuador ,7.154742,17.63727,34.19301,48.08652,41.84692,42.59567,15.47421,0,77.70383,57.90349,0,45.84027,28.45258,47.08818,29.7005,23.71048,0,45.17471,50.41597,23.4609,52.66223,50.83195,53.82696,0,32.69551,0,38.10316,0,39.35108,0,0,0,0,0,0,0,0,38.10316,0,0,48.83527,48.16972,0,0,0,0,67.2213,0,0,0,94.42596,48.91847,34.52579,25.79035
2014,Estonia ,38.48663,22.1135,50.55447,25.11415,90.99804,8.088715,.3913894,0,58.96934,70.05871,0,44.74886,49.64123,76.97325,40.76973,69.86301,0,65.10111,52.57665,27.13634,55.5773,69.47162,55.70776,0,63.73125,53.03327,53.03327,0,56.88193,0,0,0,0,0,0,0,0,0,0,0,66.66667,64.90542,0,0,0,0,84.14873,0,0,0,97.3255,72.40704,38.94325,51.66341
2014,Georgia ,8.818635,16.22296,59.81697,22.71214,78.53577,18.55241,1.996672,0,87.10483,77.78703,0,22.12978,17.97005,49.75042,29.28452,47.17138,0,27.53744,32.44592,20.2163,36.85524,52.74543,52.49584,0,33.11148,47.58735,47.58735,0,46.75541,0,0,0,0,0,0,0,0,0,0,0,60.48253,34.85857,0,0,0,0,56.07321,0,0,0,99.16805,85.69051,38.60233,52.66223
2014,Palestine ,15.8,14.6,44.1,39.2,71.7,21,6.7,0,68.1,46.4,0,37.1,24.7,52.5,28.5,39.6,0,48.5,37.1,21,25.7,34.1,28.9,0,44.4,0,13.7,0,8.2,0,0,0,0,0,0,0,0,0,0,0,44.6,30.4,0,0,0,0,63.7,13.7,0,0,97.8,71.5,17.2,17.7
2014,Germany ,41.88661,29.7654,49.41349,19.06158,89.78494,8.944282,.8308896,0,32.01368,63.34311,0,42.13099,46.87194,81.81818,40.46921,54.10558,0,45.40567,42.81525,22.28739,23.55816,63.48973,61.04594,0,67.0088,35.77713,35.77713,0,43.35288,0,0,0,0,0,0,0,0,0,0,0,73.60704,23.50929,0,0,0,0,78.39687,0,0,0,96.04105,75.17107,47.99609,49.16911
2014,Ghana ,4.96134,16.68814,45.29639,38.01546,58.56959,31.31443,10.11598,0,89.43299,79.05928,0,59.47165,57.98969,55.02578,54.18814,66.94588,0,71.90722,58.69845,39.23969,74.6134,68.75,72.22938,0,56.8299,0,63.14433,0,63.53093,0,0,63.14433,0,0,0,0,0,0,0,0,76.22423,79.38144,0,0,0,0,85.37371,0,0,0,87.43557,50.45103,43.81443,28.09278
2014,Haiti ,21.34269,33.46693,33.06613,30.91182,43.58717,29.40882,23.998,0,9.068136,5.611223,0,23.44689,36.17234,4.258517,16.28256,8.717435,0,33.71743,5.01002,5.210421,28.65731,38.47695,21.99399,0,7.314629,0,32.21443,0,2.805611,0,0,0,0,0,0,0,0,0,0,0,21.59319,34.76954,32.21443,0,0,0,39.92986,0,0,0,83.46693,32.31463,55.06012,26.45291
2014,Hong Kong SAR ,48,22.7,59.3,17.7,91.5,7.3,.9,0,57.3,57.7,0,40.2,47.1,79.6,45.6,58.8,0,45.1,59.4,27.9,56.5,75.2,71.9,0,85.5,0,21.9,0,56.5,0,0,0,0,0,0,0,0,0,0,0,69,74.7,0,0,0,0,83.3,0,0,0,97.5,72.1,48.5,46.3
2014,India ,16.67484,25.77244,41.1231,30.25993,77.80775,16.84649,3.89897,0,95.43894,81.95194,0,65.98823,54.70819,49.16626,51.44679,51.42227,0,69.78911,45.7332,34.28151,43.33006,58.14124,64.4924,0,61.25552,0,26.65522,0,29.57332,0,0,0,0,0,0,26.65522,0,0,0,0,57.94507,80.40707,0,0,0,0,69.17606,0,0,0,98.308,86.68465,50,28.71506
2014,Iraq ,30,16.33333,51.25,31.25,80.83334,16.83333,1.916667,0,76.33333,60.75,0,26.5,21.83333,57.41666,20.5,22.5,0,48.91667,38.16666,10.91667,31.33333,36.58334,37.16667,0,55.16667,0,11.58333,0,16.58333,11.58333,0,0,0,0,0,0,0,0,0,0,57.25,53.41667,0,0,0,0,60.75,0,0,0,99.66666,88.41666,32.83334,22.58333
2014,Japan ,35.93942,8.882522,49.97953,22.67704,80.96603,13.42612,1.432665,0,7.900123,67.13058,0,70.6099,28.5305,68.15392,19.77077,31.76423,0,66.63937,24.31437,14.77691,43.43021,33.68809,25.13303,0,73.72084,0,26.60663,0,41.99754,0,0,0,0,0,0,0,26.60663,0,0,0,20.26197,57.96152,0,0,0,0,52.64019,0,0,0,96.93,56.07859,10.11052,13.58985
2014,Kazakhstan ,38.8,18.73333,45.26667,36,79.73334,17.33333,2.933333,0,61.8,71.93333,0,52.53333,44.2,50.4,67.33334,68.06667,0,63.46667,75.06667,55.2,57.26666,57.86667,59.93333,0,50.8,0,66,0,69.13334,0,0,0,0,0,0,0,0,0,0,0,58.6,54.33334,0,66,0,0,64.66666,0,0,0,98.53333,76.33333,46.33333,56.53333
2014,Jordan ,13.25,22.08333,42.83334,34.75,83.5,13.58333,2.916667,0,73.91666,90.33333,0,32.91667,26.66667,81.91666,21,44.33333,0,40.41667,54.16667,9.666666,36.08334,37.08333,32.16666,0,73.5,0,17.33333,0,17.16667,17.33333,0,0,0,0,0,0,0,0,0,0,42.16666,40.75,0,0,0,0,52.58333,0,0,0,98.66667,81.5,39.16667,36.75
2014,South Korea ,29.5,18.91667,53.16667,27.41667,83.25,14.66667,1.75,0,51.5,62.66667,0,60.58334,38,57.91666,26.58333,49.16667,0,61.25,49.75,26.33333,55.33334,66.83334,62,0,66.91667,0,62.91667,0,73.83334,0,0,0,0,0,0,0,62.91667,0,0,0,68.08334,71.66666,0,0,0,0,66.83334,0,0,0,98.33334,71.41666,43.16667,34.83333
2014,Kuwait ,28.5495,30.77514,35.45664,30.16117,80.58327,12.73983,3.453569,0,75.90176,70.4528,0,30.62164,0,68.22717,45.35687,50.80583,0,37.75902,60.55257,0,48.19647,42.44052,32.69378,0,72.52494,0,54.56638,0,34.91942,0,0,0,0,0,0,0,0,0,0,0,62.01075,56.2548,0,0,0,0,58.17345,0,0,54.56638,96.46968,75.05756,38.14275,43.20798
2014,Kyrgyzstan ,36.26667,16.73333,42.6,40.53333,67.93333,25.6,6.2,0,51.26666,63.73333,0,56.06667,53,54.93333,55.06667,61.86666,0,67.46667,57.66666,50.86667,56.6,55.06667,57.6,0,50.13334,0,65.4,0,65.8,0,0,0,0,0,0,0,0,0,0,0,62.93333,66.2,0,65.4,0,0,63.13334,0,0,0,99,84.06667,23.6,28.53333
2014,Lebanon ,9.833334,28.5,35,34.08333,69,20.25,9.25,0,41.5,45.66667,0,33.83333,31.83333,42,30,33.16667,0,35.08333,22.75,25.66667,41.41666,41.66666,38.16666,0,41.75,0,26.33333,0,29.5,26.33333,0,0,0,0,0,0,0,0,0,0,41.25,47.5,0,0,0,0,47.33333,0,0,0,80.91666,62.83333,48.41666,41.25
2014,Libya ,10.93383,20.60066,35.57015,41.38902,80.29095,12.43548,5.959643,0,44.81464,51.90052,0,19.4275,20.88222,56.21774,14.54716,40.8259,0,19.75598,24.7771,6.522759,38.57344,40.07508,34.49085,0,53.87142,0,19.28672,0,20.08447,19.28672,0,0,0,0,0,0,0,0,0,0,55.04458,58.28249,0,0,0,0,46.36321,0,0,0,99.01454,87.0014,18.81746,23.83857
2014,Malaysia ,8.538462,7.384615,51.07692,41.53846,76.76923,18.69231,4.538462,0,91.30769,80.07692,0,68.53846,77.46154,73.69231,69,77.61539,0,70.69231,75.07693,61.92307,74.23077,78,77.38461,0,80.23077,0,65,0,61.84615,0,65,0,0,0,0,0,0,0,0,0,77.61539,81.30769,0,0,0,0,83.61539,0,0,0,98.69231,77.69231,33.53846,13.61539
2014,Mexico ,12.4,12.3,29.65,57.95,50.1,36.25,13.65,0,64.15,58.95,0,29.75,23.35,28.4,25,21,0,33.75,38.7,21.95,54.15,64.95,66.1,0,30.75,0,36.45,0,48.8,0,0,0,36.45,0,0,0,0,0,0,0,59.9,45.6,0,0,0,0,74.75,0,0,0,93.1,48.35,28.1,22.9
2014,Morocco ,12.33333,13.91667,46.41667,38.16666,76,14.83333,8.416667,0,90.16666,73.08334,0,43.16667,22,61.5,35.33333,46.33333,0,43.75,44.33333,25.25,47.5,49.66667,50.5,0,58.16666,0,19.58333,0,18.91667,0,0,0,0,0,0,0,0,0,0,0,56.16667,52.83333,0,0,0,0,59.25,0,0,0,98.16667,76.58333,22.41667,18.66667
2014,Netherlands ,66.1409,22.3449,57.25552,12.09253,86.59306,10.30494,.6309149,0,22.08202,49.42166,0,34.12198,37.64458,65.50999,32.59726,33.33334,0,39.5899,32.9653,18.24395,37.22397,44.6898,38.48581,0,61.88223,29.17981,29.17981,0,41.95583,0,0,0,0,0,0,0,0,0,0,0,41.32492,25.81493,0,0,0,0,71.34595,0,0,0,92.6919,68.50684,39.48475,36.22503
2014,New Zealand ,55.29132,0,0,0,0,0,0,22.23543,41.37931,76.09988,0,25.4459,24.97027,78.478,35.67182,43.1629,0,34.48276,44.70868,15.21998,38.52556,52.19976,37.33651,0,60.52319,0,42.33056,0,44.82759,0,0,0,0,0,0,0,0,0,0,0,58.38287,58.62069,0,0,42.33056,0,70.51129,0,0,0,0,0,0,0
2014,Nigeria ,14.78113,20.40932,45.08243,34.50824,63.16088,28.53894,8.30017,0,91.81353,63.21774,0,62.25128,47.24275,27.62933,38.65833,59.06765,0,71.11995,36.27061,30.75611,66.40136,56.28198,57.36214,0,46.27629,0,57.70324,0,56.96418,0,0,57.70324,0,0,0,0,0,0,0,0,62.36498,71.23366,0,0,0,0,70.03979,0,0,0,98.69244,71.80216,44.34338,32.91643
2014,Pakistan ,23,24.91667,43.16667,29.16667,65.41666,25.41667,8.166666,0,97.33334,82.33334,0,40.58333,42.75,20.33333,26,35.08333,0,52.66666,35.41666,30.75,47.25,36.58334,41.5,0,45.16666,0,24.16667,0,22.41667,0,0,0,0,0,0,24.16667,0,0,0,0,38.08333,60.66667,0,0,0,0,57.58333,0,0,0,96,79.25,25.33333,16.91667
2014,Peru ,8.181818,5.289256,22.47934,70.33058,44.21488,37.43802,17.19008,0,66.36364,33.1405,0,30.90909,17.52066,27.76859,12.14876,14.87603,0,34.38017,22.14876,10.66116,37.68595,48.67768,52.47934,0,17.43802,0,40.24794,0,42.39669,0,0,0,0,0,0,0,0,0,0,0,49.50413,38.76033,0,0,0,0,62.06611,0,40.24794,0,91.4876,33.47107,14.29752,10.24793
2014,Philippines ,2.833333,18.58333,51.33333,30,75.25,22.16667,2.25,0,94.33334,70,0,66.75,49.83333,65.58333,57.16666,64.58333,0,75.08334,56.5,46.58333,64.08333,80.75,84.83334,0,65.08333,0,61.08334,0,66.75,0,61.08334,0,0,0,0,0,0,0,0,0,80.41666,75.83334,0,0,0,0,79.08334,0,0,0,98,65.58333,33.66667,24.83333
2014,Poland ,22.25673,24.53416,53.31263,16.66667,86.3354,10.66253,.621118,0,57.45342,62.42236,0,27.32919,17.9089,50.93167,12.31884,21.01449,0,29.29607,16.97722,7.660455,36.95652,51.86335,47.20497,0,39.23396,36.853,36.853,0,40.26915,0,0,0,0,0,0,0,0,0,0,0,65.01035,41.40787,0,0,0,0,64.69979,0,0,0,97.20497,73.39545,48.13665,47.61905
2014,Qatar ,21.41509,33.01887,39.90566,26.98113,89.43396,8.962264,1.603774,0,86.22642,94.81132,0,71.4151,0,95.84905,84.81132,0,0,77.64151,83.01887,0,67.64151,69.24529,52.83019,0,90.9434,0,81.03773,0,26.13207,0,0,0,0,0,0,0,0,0,0,0,86.03773,57.26415,0,0,0,0,77.83019,81.03773,0,0,98.20754,83.58491,51.41509,68.86792
2014,Romania ,7.052562,7.58483,44.84365,44.77711,54.09182,36.19427,8.449767,0,73.38656,65.7352,0,27.54491,17.96407,42.24884,14.90353,26.14771,0,33.4664,18.62941,11.31071,39.85363,43.11377,43.57951,0,31.93613,42.91417,42.91417,0,42.78111,0,0,0,0,0,0,0,0,0,0,0,42.91417,36.52695,0,0,0,0,61.27744,0,0,0,96.60679,42.71457,20.02661,20.29275
2014,Russia ,27.48,20.56,43,32.24,82.08,14.8,2.08,0,63.08,63.2,0,33.56,26.4,31.84,30.16,46.76,0,40.84,46.88,26,32.4,47.52,39.68,0,32.36,0,30.08,0,33.4,0,0,0,0,0,0,0,0,0,0,0,41.2,37.84,0,30.08,0,0,55.84,0,0,0,96.32,72.64,36.72,37.24
2014,Rwanda ,16.63392,41.06091,43.87688,14.99673,73.80484,22.06942,3.994761,0,60.24885,64.76752,0,51.66994,50.16372,63.2613,64.96398,60.96922,0,47.67518,63.52325,50.68762,51.60445,48.46104,54.15848,0,60.18336,0,48.6575,0,45.12115,0,0,48.6575,0,0,0,0,0,0,0,0,58.15324,67.05959,0,0,0,0,58.28422,0,0,0,94.89194,85.9201,38.96529,28.88016
2014,Singapore ,38.43813,31.89655,45.99392,22.10953,90.26369,8.620689,1.115619,0,70.18256,77.0284,0,57.09939,58.06288,79.25964,74.34077,76.11562,0,57.80933,79.05679,67.54564,71.24747,69.3712,66.22718,0,82.91075,0,62.57607,0,62.11967,0,62.57607,0,0,0,0,0,0,0,0,0,61.61258,75.70994,0,0,0,0,82.50507,0,0,0,97.9716,76.21704,59.73631,51.52129
2014,Slovenia ,19.92516,9.448082,56.59495,33.39569,81.47802,16.83817,1.496726,0,24.04116,33.76988,0,23.19925,17.30589,42.09542,5.986904,9.91581,0,32.92797,7.764266,3.367633,29.65388,45.3695,40.22451,0,24.69598,24.50889,24.50889,0,23.94761,0,0,0,0,0,0,0,0,0,0,0,33.76988,37.23106,0,0,0,0,57.5304,0,0,0,98.40973,61.92703,24.60243,26.75398
2014,South Africa ,23.50609,38.79921,33.72982,24.15746,65.3356,21.43869,11.4132,0,76.97536,49.2495,0,54.29057,42.33928,45.76607,43.67035,42.16936,0,64.3727,46.47409,36.56188,48.99462,49.19286,51.51515,0,50.80714,0,42.19768,0,43.01897,0,0,42.19768,0,0,0,0,0,0,0,0,48.48485,54.54546,0,0,0,0,56.44294,0,0,0,95.38374,72.81223,53.83744,46.19088
2014,Zimbabwe ,7.2,11.33333,40.2,48.46667,65.86667,29,5.133333,0,85.86667,57.13334,0,34.8,44.26667,52.4,44.53333,52.8,0,45.8,46.86667,33.8,72.2,66.13333,64.26666,0,55.93333,0,54.66667,0,58.13334,0,0,54.66667,0,0,0,0,0,0,0,0,74.33334,69.53333,0,0,0,0,81.33334,0,0,0,97.39999,60.93333,37.06667,22.73333
2014,Spain ,18.92346,31.87553,51.21951,12.61564,88.05719,10.09251,1.093356,0,27.08158,51.0513,0,31.20269,21.11018,58.873,33.72582,38.94028,0,29.3524,20.68966,14.97056,33.47351,55.50883,45.50042,0,39.78133,50.29436,50.29436,0,45.0799,0,0,0,0,0,0,0,0,0,0,0,63.66695,16.06392,0,0,0,0,74.26408,0,0,0,98.40202,79.47855,44.40706,45.24811
2014,Sweden ,63.01825,58.20895,28.93864,10.19901,96.60033,2.570481,.331675,0,50.74627,52.2388,0,37.06468,50.08292,78.93864,62.10614,51.16086,0,50.49751,62.76949,43.86401,50.99502,68.1592,59.78441,0,76.69984,47.92703,47.92703,0,63.34991,0,0,0,0,0,0,0,0,0,0,0,48.42455,52.48756,0,0,0,0,83.25041,0,0,0,98.50746,78.44112,76.61691,80.34826
2014,Thailand ,32.16666,14.33333,52.58333,32.41666,70.16666,22.75,6.25,0,72.58334,68.33334,0,43.08334,39.16667,46.08334,43.83333,57.08333,0,50.83333,51.25,35.41666,56.66667,60.75,64.41666,0,71.91667,0,49.25,0,48.16666,0,49.25,0,0,0,0,0,0,0,0,0,55.16667,82.08334,0,0,0,0,82.75,0,0,0,98,71.91667,20.5,15.08333
2014,Trinidad and Tobago ,3.203203,18.21822,35.43544,43.14314,76.77678,17.11712,4.704705,0,65.26527,41.04104,0,29.42943,20.92092,28.02803,25.92593,31.93193,0,34.23423,34.93494,21.82182,34.73473,46.94695,51.15115,0,31.23123,0,37.53754,0,39.13914,0,0,0,0,0,0,0,0,0,0,0,55.05506,49.04905,37.53754,0,0,0,71.57157,0,0,0,92.19219,60.06006,59.05906,49.64965
2014,Tunisia ,15.51867,16.92946,31.61826,50.12449,74.43983,15.10373,9.294606,0,45.06224,59.91702,0,17.67635,18.25726,59.08714,5.892116,28.38174,0,20.33195,17.84232,3.153527,23.40249,21.3278,14.19087,0,47.38589,0,15.76764,0,11.86722,15.76764,0,0,0,0,0,0,0,0,0,0,31.53527,30.53942,0,0,0,0,38.09129,0,0,0,98.17427,76.34855,10.29046,11.61826
2014,Turkey ,11.7757,21.49533,46.47975,31.02804,78.8162,16.76012,3.676013,0,70.84113,73.14642,0,39.81308,38.94081,72.89719,52.46106,56.76013,0,44.6729,56.4486,33.83178,46.79128,50.15577,55.14019,0,66.41744,37.69471,37.69471,0,38.75389,0,0,0,0,0,0,0,0,0,0,0,53.89408,38.75389,0,0,0,0,66.10592,0,0,0,98.62929,84.6106,34.95327,36.69782
2014,Ukraine ,23.33333,27.6,52.13334,20.26667,85.73334,12.6,1.666667,0,76.86667,59.4,0,53.86666,39.6,31.86667,20.4,45.46667,0,56.6,24.86667,21.93333,41.2,55.93333,55.4,0,25.33333,0,48.06667,0,49.73333,0,0,0,0,0,0,0,0,0,0,0,57.6,32.53333,0,48.06667,0,0,65.53333,0,0,0,98.73334,78.33334,46.33333,53.66667
2014,Egypt ,20.55154,31.05713,45.8306,23.11228,95.79777,3.873933,.3282994,0,76.03414,0,0,41.56271,27.70847,54.10374,28.03677,34.27446,0,58.63427,44.1891,21.79908,42.67892,25.80433,28.62771,0,59.55351,0,12.935,0,7.616546,0,0,12.935,0,0,0,0,0,0,0,0,56.86146,55.61392,0,0,0,0,56.27052,0,0,0,99.86868,89.82272,39.33027,14.57649
2014,United States ,37.81362,38.26165,46.32616,14.20251,91.93549,5.510753,1.120072,0,59.09498,82.93011,0,22.40143,24.28315,70.47491,18.6828,45.74373,0,22.93907,31.58602,11.37993,33.42294,47.53584,51.38889,0,54.92831,0,24.82079,0,33.60215,0,0,0,24.82079,0,0,0,0,0,0,0,61.87276,39.24731,0,0,0,0,61.96236,0,0,0,95.56451,74.46236,71.77419,67.92115
2014,Uruguay ,13.8,26.6,30.4,39.7,65.3,18.7,13.3,0,39.6,36.6,0,44.8,29.7,56,39.6,23.6,0,42.3,59,31.7,42.1,66.39999,66.5,0,50,0,43.8,0,40,0,0,0,0,0,43.8,0,0,0,0,0,69.6,50.8,0,0,0,0,69.3,0,0,0,94.6,67.9,38.3,39.6
2014,Uzbekistan ,13.86667,14,38.86666,45.86666,73.8,18.93333,7,0,79,93.8,0,81.8,62.4,82.46667,85.39999,87.73334,0,87.4,95.2,74.2,66.8,74.33334,79.33334,0,82,0,74.73334,0,72.93333,0,0,0,0,0,0,0,0,0,0,0,67.53333,75.06667,0,74.73334,0,0,84.53333,0,0,0,99.53333,85.93333,18.6,27.13333
2014,Yemen ,38.5,24.3,44.3,29.7,76.8,18.2,4.3,0,78.5,38.1,0,7.900001,11.3,28.6,9.9,10.5,0,17.6,27.5,8.299999,20.2,18,19.3,0,20.3,0,10.9,0,8,10.9,0,0,0,0,0,0,0,0,0,0,39.7,26.8,0,0,0,0,35.9,0,0,0,98.3,87.1,10.7,15
2022,Andorra ,25.49801,29.18327,44.92032,25.39841,87.64941,10.25896,1.992032,0,28.38645,0,0,36.75299,17.72908,76.19521,36.65339,55.77689,0,34.76096,48.70518,22.60956,47.11155,68.12749,69.72112,0,57.56972,49.40239,49.40239,35.35857,48.30677,0,0,0,0,0,0,0,0,0,0,0,64.34263,26.29482,0,0,0,25.59761,76.49403,0,0,0,98.30678,63.34661,56.87251,61.35458
2022,Argentina ,19.64108,30.80758,44.666,22.0339,79.86042,14.75573,4.38684,0,54.23729,33.89831,0,28.91326,16.55035,29.01296,22.7318,17.44766,0,29.81057,30.80758,12.36291,28.21535,51.54536,40.97707,0,20.33898,0,29.41177,18.84347,25.72283,0,0,0,0,0,29.41177,0,0,0,0,0,64.70589,29.71087,0,0,0,13.16052,76.47059,0,0,0,97.80658,77.06879,53.93819,54.33699
2022,Australia ,53.39217,54.38499,36.45891,7.997794,96.19415,2.426917,.4412576,0,33.97683,83.8941,0,18.75345,27.79923,82.84611,29.61942,46.7733,0,16.82295,30.99835,11.4727,34.30778,58.79757,68.72587,0,59.73524,0,0,47.71098,54.21952,0,0,0,0,0,0,0,0,0,0,0,59.73524,31.88086,0,0,0,38.61004,74.68285,0,0,0,97.24214,84.16988,77.10976,79.37121
2022,Bangladesh ,12.91667,20.58333,43.83333,35.25,66,29.33333,3.5,0,99.75,90.08333,0,71.08333,60,45.16666,74.75,68.5,0,76,81.16666,43.91667,60.41667,58.41666,64.91666,0,77.66666,0,49,33.75,60.25,0,49,0,0,0,0,0,0,0,0,0,53.66667,73.5,0,0,0,45.08333,84.58334,0,0,0,99.83334,91.66667,29.83333,16.66667
2022,Armenia ,8.094849,25.5928,32.54293,41.21014,79.64023,14.55437,4.987735,0,71.79068,70.64595,0,12.26492,10.46607,44.80785,19.05151,40.47424,0,18.39738,34.83238,10.95666,37.12183,39.41128,35.81357,0,25.10221,29.76288,29.76288,22.32216,32.37939,0,0,0,0,0,0,0,0,0,0,0,51.18561,50.77678,0,25.67457,0,21.34097,59.28046,0,0,0,98.52821,74.57072,25.91987,38.10303
2022,Bolivia ,8.514756,10.49831,28.30189,61.00629,48.1374,37.59071,13.7881,0,49.00822,26.89889,0,24.7702,14.80406,15.14272,9.240445,10.88534,0,25.83454,23.31882,5.46686,27.76971,43.88002,42.96082,0,13.7881,0,14.90082,8.514756,16.64248,0,0,0,0,0,14.90082,0,0,0,0,0,39.67102,47.21819,0,0,0,14.17513,50.41122,0,0,0,81.66425,33.62361,32.41413,17.65844
2022,Brazil ,6.526674,22.75823,30.41998,44.94892,60.32917,27.52554,10.89671,0,67.13961,60.83996,0,37.79796,32.51987,54.54029,15.72077,49.14869,0,36.09534,22.47446,13.50738,52.44041,56.01589,57.83201,0,50.39728,0,29.17139,21.67991,36.60613,0,0,0,0,0,29.17139,0,0,0,0,0,61.91828,50.11351,0,0,0,23.7798,71.22588,0,0,0,90.01135,52.95119,51.36209,34.39273
2022,Myanmar ,15.08333,41.33333,34.58333,24.08333,74.75,19.08333,6.166667,0,84.08333,33.25,0,57.16666,72,60.33334,75.91666,75.75,0,81,80.16666,68.25,68.25,80.66666,87.08334,0,59.66667,0,79.16667,55.33334,80.08334,0,79.16667,0,0,0,0,0,0,0,0,0,93.25,83.41666,0,0,0,70.25,82.66666,0,0,0,96.83333,71.5,29.33333,29
2022,Canada ,49.50224,50.8213,40.74166,8.437033,95.99303,3.409657,.5973121,0,39.67148,74.78845,0,44.15132,43.80289,69.38776,46.01792,58.41215,0,35.4654,48.28273,24.2658,37.03335,61.87157,69.63663,0,61.12494,0,37.63066,57.78995,58.18815,0,0,0,0,0,0,0,0,0,0,0,62.36934,53.23544,0,0,0,45.24639,74.11648,0,0,0,94.99751,82.75262,80.51269,82.75262
2022,Chile ,13.9,23.4,47.3,28.6,61.3,28.7,9.3,0,44,46.7,0,46.3,47.2,45.6,18.4,37.7,0,56.6,37.1,15.9,39.9,58.4,60.2,0,30.3,0,46.3,26.6,41.2,0,0,0,0,0,0,0,0,46.3,0,0,59.8,43.5,0,0,0,33.7,65.8,0,0,0,92.2,64.5,34.5,35.4
2022,China ,64.85507,13.33992,67.16074,19.03821,87.84585,11.36364,.428195,0,20.65217,95.38867,0,67.09486,67.45718,85.21081,92.1278,86.36364,0,72.03558,95.1581,90.61265,70.55336,80.92886,83.66271,0,85.86956,0,0,0,0,0,0,0,0,0,0,0,0,0,0,0,72.95784,90.54678,0,0,0,0,91.37022,0,0,0,99.01186,83.69565,20.09223,16.89723
2022,Taiwan ROC ,30.98937,28.20932,62.7964,8.994276,93.54047,5.72363,.7358953,0,56.50041,63.36877,0,26.00163,53.06623,82.17498,28.94522,64.34996,0,29.51758,50.85854,22.56746,60.83401,70.56419,75.47015,0,55.19215,46.6067,0,44.80785,46.77024,0,0,0,0,0,0,0,0,0,0,0,64.43172,82.91088,0,0,0,50.36795,72.28128,0,0,0,98.28291,79.06787,54.94685,44.88962
2022,Colombia ,4.539474,14.34211,39.27632,46.38158,55.39474,30,14.60526,0,55.39474,38.81579,0,15.39474,11.25,24.67105,5.394737,8.092106,0,15.06579,11.9079,5.197369,28.0921,45.98684,48.61842,0,13.22368,0,11.57895,14.47368,25.98684,0,0,0,0,0,11.57895,0,0,0,0,0,40.52631,28.28947,0,0,0,19.14474,51.51316,0,0,0,89.3421,45.06579,34.01316,25.98684
2022,Cyprus ,7.7,13.7,44.5,39.6,75.3,19.4,3.9,0,56.2,62.8,0,35.1,35.3,57,31.8,45.5,0,42.1,37.6,18.9,34,52.3,54.1,0,52.8,41.3,41.3,21.8,35,0,0,0,0,0,0,0,0,0,0,0,56.3,24.1,0,0,0,23.3,66.5,0,0,0,97.8,70.7,28.4,27.7
2022,Czechia ,37,38.66666,45.08333,15.83333,86.66666,10.83333,2.333333,0,33,52,0,42.5,50.66666,69.91666,35.5,54.83334,0,52.16666,33.33334,21.66667,52.16666,47.5,49.91667,0,59.66667,48,48,50.83333,55.08334,0,0,0,0,0,0,0,0,0,0,0,57.33333,64.83333,0,0,0,47.16667,76.33333,0,0,0,92.16667,79.91667,49,45.91667
2022,Ecuador ,5.75,7.75,30.83333,61.16667,41.83333,42.75,15.25,0,75,58.41666,0,36.08334,29.41667,52.83333,21.66667,14.58333,0,39,31.83333,17,49,62.66667,64,0,40.33333,0,35.83333,29.75,42,0,0,0,0,0,35.83333,0,0,0,0,0,63.33333,54.33334,0,0,0,35.16666,73.66667,0,0,0,84.08333,38,20.91667,17.08333
2022,Ethiopia ,11.86992,47.80488,31.38211,20.4878,68.29269,23.17073,8.130081,0,92.19512,74.95935,0,34.63415,44.87805,58.13008,46.26016,49.43089,0,48.21138,65.44715,28.21138,56.74797,66.66667,63.98374,0,62.84553,0,44.39024,18.37398,46.99187,0,0,0,0,0,0,0,0,0,0,0,67.80488,90.97561,0,0,0,30.2439,68.53658,0,0,0,99.02439,86.66666,55.36586,28.78049
2022,Germany ,44.56806,34.03141,47.25131,15.57592,93.84817,5.104712,.1308901,0,34.42408,53.46859,0,36.25655,45.22251,85.86388,42.21204,62.04189,0,31.60995,44.17539,23.16754,21.53141,64.07068,58.83508,0,72.31676,45.02618,45.02618,45.02618,45.81152,0,0,0,0,0,0,0,0,0,0,0,62.36911,30.2356,0,0,0,25.45811,75.589,0,0,0,98.29843,79.97382,55.43194,58.11518
2022,Greece ,8.333334,10.08333,50.33333,38.75,81.91666,15.91667,1.666667,0,64.5,80.08334,0,12.5,18,70,14.5,43.08334,0,12.66667,13.16667,7.25,31.5,44,44.33333,0,57.83333,26.08333,26.08333,22.66667,29,0,0,0,0,0,0,0,0,0,0,0,47.25,21.5,0,0,0,5.916667,82.5,0,0,0,99.5,61.5,20.25,20
2022,Guatemala ,17.9821,18.38894,43.36859,36.61514,64.93084,27.01383,6.42799,0,70.54516,22.70138,0,20.17901,14.32059,14.48332,8.706264,8.706264,0,22.37592,9.1131,6.753458,23.75915,37.34743,38.16111,0,13.99512,0,12.12368,19.93491,27.17657,0,0,0,0,0,12.12368,0,0,0,0,0,40.60212,32.38405,0,0,0,20.91131,54.9227,0,0,0,94.79252,47.43694,42.79902,32.54679
2022,Hong Kong SAR ,39.3253,23.13253,63.66265,12.62651,88.6747,10.6506,.5783133,0,54.02409,52.04819,0,51.51807,39.18072,64.77109,30.60241,54.55422,0,44.19277,52.14458,21.01205,50.50603,61.25301,60,0,78.98795,0,21.78313,37.68675,53.10844,0,0,0,0,0,0,0,0,0,0,0,60.19277,81.15663,0,0,0,48.43373,73.83133,0,0,0,96.77109,68.57832,49.59036,47.71084
2022,Indonesia ,5.1875,9.1875,38.5,52.25,49.96875,38.3125,11.65625,0,98.34375,88.0625,0,48.6875,50.34375,67,49.46875,74.46875,0,49.21875,78.96875,35.53125,57.90625,79.03125,78.34375,0,71.40625,0,57.6875,46.25,65.15625,0,57.6875,0,0,0,0,0,0,0,0,0,83.78125,83.1875,0,0,0,65.15625,85.5,0,0,0,95,58.5,32.25,21
2022,Iran ,14.80987,33.95597,28.68579,37.1581,86.05737,7.871915,5.87058,0,78.05203,91.5944,0,60.10674,50.23349,84.85657,63.57571,71.71448,0,79.31955,51.70113,49.03269,50.70047,75.05003,68.37892,0,76.38426,0,45.96397,8.80587,44.8966,0,0,0,0,0,0,0,0,0,0,0,81.38759,57.03803,0,0,0,18.07872,81.85457,0,0,0,98.53236,78.51901,63.17545,33.55571
2022,Iraq ,11,24,35.25,38.58333,78.91667,16.91667,3.833333,0,54.08334,71.08333,0,38.16666,30.75,54.5,11.5,31.25,0,44.83333,19.25,10.16667,22.58333,28.5,34.91667,0,41.91666,0,22.5,19.5,22.66667,22.5,0,0,0,0,0,0,0,0,0,0,43.58333,23.83333,0,0,0,22.83333,34.25,26.91667,0,19.41667,98.33334,81,40.75,27.08333
2022,Japan ,33.70288,10.4952,49.00222,21.35994,83.66592,11.60384,1.478197,0,7.908352,80.56171,0,69.32742,38.3592,78.64006,31.11604,44.64154,0,64.52328,39.8374,25.64671,47.3762,44.12417,35.18108,0,77.90096,0,28.97265,26.68145,41.61123,0,0,0,0,0,0,0,28.97265,0,0,0,31.33777,65.70584,0,0,0,32.88988,56.31929,0,0,0,97.41316,60.01479,13.15595,15.89061
2022,Kazakhstan ,22.80564,19.82759,40.75235,38.00941,71.00314,23.11912,4.937304,0,78.99686,80.87775,0,59.24765,54.38871,65.1254,64.57681,66.37931,0,63.32288,68.57367,57.36677,52.19436,57.13166,62.30407,0,63.08777,0,61.20689,47.6489,56.26959,0,0,0,0,0,0,0,0,0,0,0,61.59875,55.32915,0,61.20689,0,51.64577,65.9091,0,0,0,97.25706,69.35737,38.47962,43.26019
2022,Jordan ,15.87697,29.75894,40.89776,29.01081,81.62926,14.63009,3.657523,0,67.33167,94.51372,0,31.50457,38.65337,92.51871,9.975062,36.8246,0,42.56027,36.1596,8.146301,26.84954,33.91521,39.90025,0,77.55611,0,16.95761,8.063175,13.71571,16.95761,0,0,0,0,0,0,0,0,0,0,44.55528,36.57523,0,0,0,12.46883,32.66833,25.35328,0,15.9601,98.17124,78.13799,51.62095,46.05154
2022,Kenya,9.478673,25.03949,35.703,38.07267,67.61453,25.59242,6.082149,0,79.3049,58.45182,0,61.76936,42.33807,35.46604,36.09795,45.18167,0,69.11533,44.78673,22.74881,51.02686,60.66351,59.16272,0,50.39495,0,59.00474,41.23223,64.37598,0,0,0,0,0,0,0,0,0,0,0,65.95576,77.40916,0,0,0,57.8989,70.06319,0,0,0,96.12954,64.84992,46.84044,35.30806
2022,South Korea ,32.93173,17.51004,60.08032,22.40964,81.36546,17.18876,1.445783,0,51.72691,53.89558,0,49.55824,41.68674,56.54619,20.72289,56.46587,0,57.3494,51.3253,24.49799,43.53413,64.81927,60.88353,0,61.5261,0,59.35743,63.61446,69.87952,0,0,0,0,0,0,0,59.35743,0,0,0,61.44579,71.24498,0,0,0,67.06828,65.22089,0,0,0,99.35743,76.38554,25.94377,19.11647
2022,Kyrgyzstan ,11.75,16.33333,52.83333,29.41667,72.91667,21.33333,5.083333,0,77.16666,69.33334,0,43.75,46.08334,48.83334,36.58334,59.75,0,57.75,52.33333,32.25,50.08333,61.58334,68.91666,0,38.58333,50.41667,61.58334,30.83333,58.08333,0,0,0,0,0,0,0,0,0,0,0,68.66666,76.83333,0,61.58334,0,53.83334,63.58333,0,0,0,99,80,29.58333,42.66667
2022,Lebanon ,9.916667,22.58333,41.5,35.75,62.58333,27.58333,9.5,0,47.08333,89.33333,0,20.16667,18.75,55.5,13.66667,12.25,0,26.25,19.83333,13,22.08333,21.5,27.5,0,34.08333,0,13.83333,8.916666,17.66667,13.83333,0,0,0,0,0,0,0,0,0,0,27.83333,28.08333,0,0,0,15.33333,38.5,12.66667,0,9.416667,97.41667,66.91667,46.5,37.5
2022,Libya ,9.113712,24.83278,38.62876,35.78595,85.11705,11.28763,3.344481,0,82.27425,47.57525,0,11.20401,13.62876,50.25084,9.280936,29.26422,0,11.28763,28.42809,2.926421,17.05686,25,26.25418,0,51.50502,0,16.13712,8.110369,13.04348,16.13712,0,0,0,0,0,0,0,0,0,0,43.0602,26.75585,0,0,0,14.71572,38.79599,0,0,0,98.99666,83.69565,28.01003,33.27759
2022,Macau SAR ,41.44672,30.40078,60.70382,8.406648,89.54057,9.677419,.684262,0,52.49267,66.95992,0,55.62072,55.32747,73.11828,63.73412,65.49364,0,53.76344,68.2307,58.45552,70.38123,73.70479,72.33627,0,75.36657,0,0,0,73.60704,0,0,0,0,0,0,0,0,0,0,0,72.62952,85.6305,0,0,0,73.99805,84.45748,0,0,0,95.99218,75.56207,40.95797,38.61192
2022,Malaysia ,19.5735,14.92765,55.67403,29.39832,84.99619,13.78522,1.218583,0,84.92003,74.48591,0,38.38538,58.94897,59.48211,42.19345,59.93907,0,39.90861,50.11424,31.45469,62.07159,77.30389,73.95278,0,62.68088,0,59.78675,51.02818,55.44555,0,61.84311,0,0,0,0,0,59.78675,0,0,0,75.70449,75.32369,0,0,0,51.78979,80.04569,0,0,0,98.47678,74.25743,50.26656,31.30236
2022,Maldives,21.07796,15.01444,34.55246,49.66314,78.44081,17.4206,3.946102,0,75.55342,73.14725,0,25.79403,52.64677,62.17517,14.05197,47.06449,0,29.83638,29.54764,11.45332,40.32724,59.67276,60.34649,0,41.19345,0,53.41675,29.74013,56.59288,0,0,0,0,0,0,53.41675,0,0,0,0,71.9923,70.83734,0,0,0,41.57844,77.09335,0,0,0,96.53513,72.28104,22.81039,32.05005
2022,Mexico ,10.28145,13.09592,30.55715,56.28949,42.96381,40.14934,16.82941,0,61.68869,50.77541,0,27.22573,19.8162,21.42447,14.417,16.02527,0,27.80012,17.46123,11.43021,32.16542,36.12866,51.86674,0,21.94141,0,30.21252,23.83688,34.80758,0,0,0,0,0,0,0,0,30.21252,0,0,46.12292,34.57783,0,0,0,27.28317,60.31017,0,0,0,92.01608,49.97128,30.15508,23.03274
2022,Mongolia,27.41148,30.64713,43.16239,26.19048,73.74847,21.18437,5.067155,0,23.74847,43.46764,0,36.69109,33.45543,46.76435,26.49573,38.27839,0,50.2442,36.93529,22.40537,32.66179,37.97314,37.78999,0,38.15629,0,23.68742,25.45788,40.90354,0,0,0,0,0,0,0,0,0,0,0,38.88889,44.2613,0,0,0,34.49329,47.3138,0,0,0,95.42124,74.54212,32.23443,29.24298
2022,Morocco ,16.5,28.08333,43.08334,28.83333,63.5,31.5,5,0,65.33333,58,0,22.66667,22.58333,47.33333,20.08333,33.5,0,26.33333,21,18.66667,27.83333,44.16667,37.66667,0,38.25,0,28.08333,27.75,29.41667,28.08333,0,0,0,0,0,0,0,0,0,0,43.33333,36.83334,0,0,0,26.66667,42.5,28.83333,0,23,93.66666,63.25,30.83333,30.33333
2022,Netherlands ,55.38462,60.4662,22.5641,5.734266,91.74825,2.144522,.4662005,0,20.18648,51.56177,0,32.58741,39.5338,67.27273,26.38695,27.87879,0,28.57809,28.29837,14.21911,26.57343,44.38228,39.34732,0,62.75058,32.07459,32.07459,46.48019,43.12354,0,0,0,0,0,0,0,0,0,0,0,41.95804,30.81585,0,0,0,32.58741,71.65501,0,0,0,92.21445,80.65268,64.47552,65.50117
2022,New Zealand ,56.57521,50.0473,30.93661,7.94702,94.70199,2.17597,.0946074,0,34.81552,80.32166,0,26.58467,27.24693,84.95743,38.97824,48.43898,0,30.08515,50.0473,19.86755,37.36992,57.23746,62.44087,0,67.83349,0,0,0,46.0738,0,0,0,0,0,0,0,0,0,0,0,62.06244,45.41154,0,0,0,27.71996,70.67171,0,0,0,96.02649,84.10596,62.63009,66.41438
2022,Nicaragua ,4.25,10.83333,31.08333,58.08333,53.41667,29.41667,17.16667,0,67.33334,22.08333,0,18.41667,11.16667,25.75,17.41667,15.58333,0,19.08333,27.5,11.91667,21.16667,55.75,49.83333,0,22.41667,0,0,21.16667,28.16667,0,0,0,0,0,0,0,0,0,0,0,49.33334,34,0,0,0,29.5,49,0,0,0,87.58334,39.83334,35.66666,18.16667
2022,Nigeria ,12.61116,25.94988,38.48019,35.40825,59.41795,28.53678,11.96443,0,88.27809,54.64835,0,53.92078,46.56427,27.00081,33.54891,46.48343,0,61.84317,40.33953,32.82134,54.64835,55.45675,54.64835,0,43.08812,0,47.93856,33.79143,51.25303,0,0,0,0,0,0,0,0,0,0,0,64.99596,72.27163,0,0,0,46.07922,68.55296,0,0,0,88.35893,61.60065,42.44139,32.01293
2022,Pakistan ,23.30827,34.23559,24.91228,39.64912,79.09774,11.97995,8.02005,0,97.2431,93.23309,0,53.23308,59.39849,42.45614,50.07518,51.97995,0,58.79699,62.35589,43.5589,52.98246,52.33083,49.72431,0,62.40601,0,34.83709,24.3609,39.599,0,0,0,0,0,0,34.83709,0,0,0,0,57.39349,72.23058,0,0,0,36.29073,80.65163,0,0,0,93.43359,77.19298,31.37844,27.7193
2022,Peru ,5.285714,7.928571,31.85714,59.78571,32.78571,47.92857,19.07143,0,60.85714,35.85714,0,23.21428,13.78571,25.78572,4.928571,8.714286,0,25.71429,10.92857,6,24.71428,41.21428,45.92857,0,11.07143,0,28,0,29.21429,0,0,0,0,0,0,0,0,0,0,0,41.64286,31.92857,0,0,0,13.42857,58.35714,0,28,0,89.42857,30.35714,21.21428,12.78572
2022,Philippines ,5.333333,24.25,51.08333,24.66667,76.16666,21.91667,1.833333,0,91.58334,75.75,0,68.83334,62.08333,78.75,67.66666,74.33334,0,79.66667,80.25,60.75,66.66667,78.83334,84.5,0,76.83333,0,74.08334,49,74.16666,0,74.08334,0,0,0,0,0,0,0,0,0,85.08334,80.5,0,0,0,60,83.75,0,0,0,98.25,73.25,39.83334,28.08333
2022,Puerto Rico ,17.6575,25.46584,34.78261,39.21917,76.84117,16.41526,6.477374,0,68.23425,56.52174,0,31.0559,21.47294,48.53594,13.57587,18.72227,0,30.07986,14.90683,9.582964,38.77551,67.08075,70.71873,0,35.75865,0,31.85448,31.76575,46.85004,0,0,0,0,0,31.85448,0,0,0,0,0,71.96095,47.73736,0,0,0,33.36291,78.52706,0,0,0,89.61845,68.23425,61.31322,58.91748
2022,Romania ,11.69451,12.01273,43.43675,41.05012,62.05251,29.67383,7.398568,0,70.40573,71.20127,0,27.68496,17.50199,48.68735,12.88783,27.92363,0,33.09467,19.88862,8.194113,26.17343,30.31026,37.39061,0,35.3222,44.47096,44.47096,31.26492,39.77724,0,0,0,0,0,0,0,0,0,0,0,47.33492,22.83214,0,0,0,19.25219,56.48369,0,0,0,95.78361,42.95943,27.20764,23.86635
2022,Russia ,23.31492,23.03867,44.64088,30.22099,76.79558,18.0663,4.143646,0,60.88398,74.41989,0,32.1547,31.04972,50.66298,37.40332,56.1326,0,41.9337,52.87292,31.71271,37.62431,45.30387,41.10497,0,45.13812,0,31.8232,13.09392,22.98343,0,0,0,0,0,0,0,0,0,0,0,43.31491,42.0442,0,31.8232,0,19.8895,64.25414,0,0,0,97.07182,70.77348,35.52486,37.12707
2022,Serbia ,16.34799,27.53346,44.74187,25.62141,81.26195,15.10516,2.772466,0,55.54493,60.99426,0,19.50287,15.67878,41.01338,14.53155,21.03251,0,23.23136,24.47419,9.464627,31.07075,35.75526,30.59273,0,28.10707,18.83365,18.83365,7.552581,15.86998,0,0,0,0,0,0,0,0,0,0,0,36.13767,28.01147,0,0,0,13.38432,49.61759,0,0,0,97.51434,66.4436,47.60994,48.75717
2022,Singapore ,33.74752,17.74354,62.12724,19.73161,89.96024,9.194831,.5964215,0,57.90259,82.05766,0,55.26839,49.35388,86.0835,70.12922,77.8827,0,57.10735,80.91451,52.18688,57.35586,62.77336,55.5666,0,79.92048,0,45.42744,29.17495,42.94234,0,45.42744,0,0,0,0,0,0,0,0,0,50.99404,78.52882,0,0,0,43.43937,81.26243,0,0,0,97.81313,77.28629,48.90656,41.6501
2022,Slovakia ,21.41667,29.58333,50.5,19.16667,85.66667,12.41667,1.916667,0,53.33334,59.25,0,34.16667,42.25,52.91666,19,51.5,0,44.16667,21.66667,15.83333,50,50.41667,50.25,0,38.83333,47.5,47.5,36.5,46.33333,0,0,0,0,0,0,0,0,0,0,0,60,59,0,0,0,43.5,71.33333,0,0,0,97.58334,83.91666,47.33333,40.08333
2022,Vietnam ,27.66667,30.83333,50.33333,18.83333,82.83333,15.08333,2.083333,0,89.33333,91.16667,0,79.33334,85.66667,90.33333,91.41667,83.66666,0,90.5,92.91666,92.75,81,86.83334,89.66666,0,90.75,0,81,60,80.58334,0,81,0,0,0,0,0,0,0,0,0,84.33333,89.75,0,0,0,65.58333,90.5,0,0,0,99.58334,91.41667,40.33333,34.25
2022,Zimbabwe ,2.139918,25.92593,32.26337,41.48148,65.34979,26.00823,8.477365,0,68.31276,51.11111,0,31.02881,47.73663,50.37037,43.95062,51.93416,0,38.02469,51.68724,28.64198,59.09465,62.22223,67.90124,0,51.93416,0,58.84774,36.95473,62.79835,0,0,0,0,0,0,0,0,0,0,0,78.60082,50.20576,0,0,0,54.97943,81.15227,0,0,0,95.22633,68.72428,53.82716,39.50617
2022,Tajikistan ,20.58333,10.33333,36.33334,53.33334,60.16667,30.25,9.583333,0,76.41666,85.5,0,57.08333,45.16666,80.58334,80.5,71.33333,0,71.33333,89.25,57.83333,49.66667,53.25,61.66667,0,77.08333,33,46.66667,20.83333,52.16666,0,0,0,0,0,0,0,0,0,0,0,54.58334,64.41666,0,46.66667,0,39.75,77.08333,0,0,0,99.08334,75.16666,14.25,19.83333
2022,Thailand ,29.8,27.4,45.33334,26.26667,80.46667,16.86667,2.133333,0,67.8,57.6,0,50,46.6,50.13334,50,56.26667,0,56.13334,51.66666,36.26667,48.6,51.8,51.06667,0,64,0,43.66667,36.4,41.53333,0,43.66667,0,0,0,0,0,0,0,0,0,50.06667,71.13333,0,0,0,39.13334,71.8,0,0,0,97.53333,85.06667,35.6,29.26667
2022,Tunisia ,13.8245,30.62914,39.7351,29.30464,68.46027,22.68212,8.609272,0,48.34437,72.10265,0,23.01324,20.86093,46.19205,8.609272,22.93046,0,24.75166,11.83775,6.953642,19.95033,30.62914,33.36093,0,45.28146,0,11.75497,6.456953,7.533113,11.75497,0,0,0,0,0,0,0,0,0,0,38.74172,23.92384,0,0,0,7.94702,47.51656,13.4106,0,7.615894,90.97682,69.95033,32.20199,31.62252
2022,Turkey ,13.99586,25.13457,46.08696,28.48861,70.89027,21.0352,7.826087,0,70.43478,85.13457,0,43.43685,44.30642,83.64389,59.13044,61.15942,0,48.86128,68.77847,50.26915,48.4058,53.00207,57.01863,0,73.70601,31.42857,31.42857,25.7971,31.38716,0,0,0,0,0,0,0,0,0,0,0,58.13665,41.28364,0,0,0,27.24638,67.86749,0,0,0,96.89441,81.82195,32.75362,31.0559
2022,Ukraine ,29.86811,27.38557,41.58262,25.29092,74.86423,19.08456,4.732351,0,69.20094,70.44221,0,29.24748,20.48099,36.38479,17.61055,34.75562,0,31.57486,18.85182,17.76571,34.67804,38.47944,34.83321,0,19.62762,43.44453,43.44453,32.1955,45.53918,0,0,0,0,0,0,0,0,0,0,0,49.88363,31.03181,0,0,0,28.47168,51.82312,0,0,0,95.96587,75.48487,39.64314,41.34988
2022,Egypt ,7.333333,19.33333,49.75,30.25,88.5,10,1.416667,0,71.16666,0,0,8.416667,8.666667,0,7.666667,18.66667,0,22.91667,0,2.333333,21.16667,8.416667,12.25,0,0,0,9.166667,.75,1.833333,9.166667,0,0,0,0,0,0,0,0,0,0,44,50,0,0,0,3.333333,18.08333,14.66667,0,1.416667,99.41666,85.66667,51,17.83333
2022,Great Britain ,45.95631,53.6604,34.53431,10.46378,96.35876,2.68302,.4982752,0,40.66692,79.22575,0,13.49176,35.64584,67.57378,21.46416,47.52779,0,25.06708,22.46071,13.33844,34.80261,64.58413,68.18704,0,64.35416,40.66692,40.66692,57.49329,53.69874,0,0,0,0,0,0,0,0,0,0,0,72.09659,54.50364,0,0,0,32.57953,71.33001,0,0,0,97.39364,82.82867,80.18398,82.82867
2022,United States ,39.59938,38.67488,43.79815,17.06471,90.71648,7.434515,1.155624,0,50.96302,79.39137,0,30.08475,33.5131,68.48999,14.02157,41.40986,0,20.26194,30.81664,10.16949,30.46995,54.39137,54.62249,0,56.97227,0,35.90139,46.34053,44.0678,0,0,0,35.90139,0,0,0,0,0,0,0,63.90601,41.44838,0,0,0,28.31279,54.93066,0,0,0,94.49152,71.37905,73.65177,73.84438
2022,Uruguay ,14.8,24,31,42.7,72.8,20.6,5.1,0,36,49.2,0,31,33.3,65.3,42.5,51.8,0,28.3,51.9,31.1,45.5,66.8,69.8,0,57.2,0,37.3,24.1,41.3,0,0,0,0,0,37.3,0,0,0,0,0,72.7,60.7,0,0,0,32.2,80,0,0,0,89.60001,60.5,40.5,44.6
2022,Venezuela ,14.20168,15.04202,42.85714,42.10084,53.78152,35.29412,10.92437,0,66.47059,20.84034,0,24.87395,10.42017,14.45378,14.95798,16.05042,0,30.92437,17.31092,11.59664,40.42017,45.79832,52.35294,0,16.05042,0,22.85714,16.55462,26.63866,0,0,0,0,0,22.85714,0,0,0,0,0,53.10925,42.68908,0,0,0,18.82353,61.34454,0,0,0,92.68907,55.96639,36.80672,27.89916
2022,Northern Ireland ,39.82103,50.783,36.0179,11.85682,97.76286,1.565995,.2237137,0,48.09843,65.77181,0,12.97539,41.38702,65.10067,13.19911,51.45414,0,22.14765,17.22595,9.8434,30.87248,62.63982,69.57494,0,60.85011,43.17673,43.17673,51.23042,52.349,0,0,0,0,0,0,0,0,0,0,0,66.89038,50.55928,0,0,0,26.62192,74.04922,0,0,0,97.09172,89.93289,84.11633,80.08949
,Albania ,6.096329,4.41226,14.24722,28.89862,41.83227,5.287976,1.044123,0,49.5453,54.32805,44.29101,26.13675,15.83025,57.3257,19.60256,34.05187,44.39205,0,20.14146,13.33782,26.47356,25.59784,0,34.48973,22.83597,71.43819,33.20984,37.38633,67.76692,0,0,0,0,0,0,0,0,0,0,0,0,0,0,0,0,0,0,0,0,0,48.06332,33.74874,21.72449,18.39003
,Azerbaijan ,28.55555,14.16667,40.55555,41.33333,79.83334,14.83333,4.111111,0,69.38889,92,73.11111,53.88889,44.38889,79.55555,61.55556,73.05556,44.22222,0,89.88889,34.33333,54.11111,49.38889,0,62.5,59.16666,29.72222,29.72222,0,28.94444,0,0,0,0,0,0,0,0,0,0,0,0,0,0,0,0,0,0,0,0,0,99.22222,64.33333,24.38889,24.83333
,Austria ,35.75619,10.03911,12.67927,2.933507,25.14668,1.385267,.1792699,0,39.50456,43.70926,69.31226,28.03129,34.38722,73.794,37.58149,44.27966,64.84681,0,14.68383,10.43025,34.12646,28.97653,0,60.73989,64.14603,26.40156,10.57692,11.00065,27.18383,0,0,0,0,0,0,0,0,0,0,0,0,0,0,0,0,0,0,0,0,0,26.27118,22.37614,12.80965,13.55932
,Armenia ,22.7,8.5,22.26667,19.03333,36.96667,9.666666,3.366667,0,76.16666,85.16667,62.5,35.06667,26.4,42.1,32.93333,36.6,42.1,0,38.66666,27.93333,37.33333,41.06667,0,55.03333,37.66667,47.23333,21.26667,18.6,46.53333,0,0,0,0,0,0,0,0,0,0,0,0,0,0,0,0,0,0,0,0,0,48.66667,35.1,16.06667,23.63333
,Belgium ,29.99456,0,0,0,0,0,0,0,46.38489,38.99157,76.02609,39.86137,37.74123,57.42049,39.29057,45.43354,58.75238,0,6.414787,4.145148,33.7184,13.9576,0,39.69829,45.59663,48.31476,0,40.17396,23.45746,0,0,0,0,0,0,0,0,0,0,0,0,0,0,0,0,0,0,0,0,0,0,0,0,0
,Bosnia and Herzegovina ,17.089,12.66996,22.55871,17.79975,40.11125,11.27936,1.854141,0,57.04573,48.73301,59.2398,21.56984,27.37948,54.85167,20.42645,32.911,34.61063,0,18.85043,12.20643,32.97281,36.34116,0,52.50309,32.20025,43.32509,25.49444,14.77132,38.34981,0,0,0,0,0,0,0,0,0,0,0,0,0,0,0,0,0,0,0,0,0,52.87392,36.65019,27.50309,27.75031
,Bulgaria ,21.20974,8.326787,13.96308,8.091124,26.96387,3.063629,.4516889,0,34.97643,47.82011,44.44226,23.50746,15.76983,38.07934,22.89866,20.65986,23.29144,0,10.07463,6.559309,16.02514,14.82718,0,18.81383,23.09505,45.40456,13.96308,15.90731,27.76905,0,0,0,0,0,0,0,0,0,0,0,0,0,0,0,0,0,0,0,0,0,30.1846,21.68107,13.13826,12.52946
,Belarus ,39.94565,7.756917,21.34387,7.905138,32.06522,4.965415,.6422925,0,64.89624,66.30435,73.5919,39.84684,43.7747,53.77964,45.08399,29.74308,56.81818,0,40.71146,19.417,51.48221,41.94664,0,65.78558,53.21146,34.68379,13.83399,12.15415,42.14427,0,0,0,0,0,0,0,0,0,0,0,0,0,0,0,0,0,0,0,0,0,37.62352,27.29743,14.84684,14.82213
,Canada ,49.53083,0,0,0,0,0,0,0,65.08043,56.53485,69.1689,45.07373,33.37802,83.8807,39.00804,48.86059,35.08713,0,0,0,51.54155,0,0,0,57.54021,0,0,28.58579,0,0,0,0,0,0,0,0,0,0,0,0,0,0,0,0,0,0,0,0,0,0,0,0,0,0
,Croatia ,18.53051,11.15816,17.58406,7.073475,31.90536,4.582815,.373599,0,47.9203,53.25031,53.2254,12.72727,17.26027,41.34496,11.78082,26.52553,27.29763,0,8.244084,3.88543,20.12453,27.22291,0,39.15318,19.52678,26.20174,9.140722,20.27397,28.21918,0,0,0,0,0,0,0,0,0,0,0,0,0,0,0,0,0,0,0,0,0,35.76588,26.45081,22.93898,24.03487
,Cyprus ,8.900001,0,0,0,0,0,0,0,69.5,62.8,66.5,33.8,29.6,61,52.2,53.7,73.3,0,57.4,29.6,26.3,48.7,0,56.5,64.3,52.6,0,13.6,32,0,0,0,0,0,0,0,0,0,0,0,0,0,0,0,0,0,0,0,0,0,0,0,0,0
,Northern Cyprus ,4.8,0,0,0,0,0,0,0,68,89.2,67,39,49.8,78.4,51,61.2,71,0,46.2,30,41.8,52.2,0,60.4,64.60001,40,0,38.6,41.4,0,0,0,0,0,0,0,0,0,0,0,0,0,0,0,0,0,0,0,0,0,0,0,0,0
,Czechia ,25.03595,8.85083,10.89031,2.797751,21.49301,1.712642,.2222513,0,21.15309,35.02419,56.29494,30.06929,24.17309,41.84861,20.34253,29.75552,39.27311,0,8.929272,6.066153,24.63067,15.13923,0,34.57968,33.75605,41.54792,5.386325,29.12799,26.73552,0,0,0,0,0,0,0,0,0,0,0,0,0,0,0,0,0,0,0,0,0,23.16643,18.74755,10.302,9.386847
,Denmark ,67.92942,33.58835,5.441757,1.678184,41.02912,.2467917,.0370188,0,56.94718,62.12981,75.38252,31.40425,54.07206,88.46249,49.79023,55.72557,53.71421,0,26.66585,19.41017,37.84551,36.48816,0,54.63969,81.09576,34.25469,18.86723,24.86426,48.60563,0,0,0,0,0,0,0,0,0,0,0,0,0,0,0,0,0,0,0,0,0,41.21421,39.00543,34.25469,36.03159
,Estonia ,29.43123,9.3485,12.61634,4.34333,25.14995,1.323681,.2275078,0,42.52327,46.76318,68.14892,40.33092,31.70631,53.77456,22.41986,42.68873,53.83661,0,22.35781,7.156153,25.23268,34.18821,0,45.35677,44.36401,34.02275,12.76112,20.53775,30.89969,0,0,0,0,0,0,0,0,0,0,0,0,0,0,0,0,0,0,0,0,0,26.20476,21.55119,13.91934,17.0424
,Finland ,62.5663,19.2978,9.067946,1.262945,29.40137,.5809548,.0252589,0,48.3708,79.61607,86.7896,40.74261,46.24905,89.08815,41.70245,44.32938,65.79945,0,24.67795,9.699419,35.05936,26.85021,0,67.49179,71.4827,34.85729,12.75575,12.12427,43.09169,0,0,0,0,0,0,0,0,0,0,0,0,0,0,0,0,0,0,0,0,0,29.83076,27.78479,23.16241,23.71811
,France ,24.31831,9.335003,10.75403,5.189204,24.04007,1.293823,.4869226,0,44.07346,65.63717,67.05621,34.07067,35.55927,70.71508,42.2788,51.76683,60.10017,0,15.35893,6.371731,45.71508,30.00835,0,54.89705,53.65888,42.45966,12.40957,17.22315,38.23038,0,0,0,0,0,0,0,0,0,0,0,0,0,0,0,0,0,0,0,0,0,24.41569,19.83862,16.86143,17.84919
,Georgia ,14.94315,8.879264,37.0601,12.56091,46.50785,10.31402,2.273958,0,81.97076,74.39091,53.73579,30.88793,21.65674,56.74066,30.53601,49.64808,37.81808,0,40.25447,20.24905,28.99296,43.17813,0,61.34272,32.75582,56.65945,29.07417,27.69356,51.35354,0,0,0,0,0,0,0,0,0,0,0,0,0,0,0,0,0,0,0,0,0,58.44613,47.45533,24.01191,28.91175
,Germany ,33.63876,5.88769,9.634401,3.002812,18.37975,.9706976,.0544316,0,35.29892,43.15522,52.31788,32.11467,35.90674,68.19378,40.86909,37.1496,47.28296,0,11.73909,5.479452,31.00789,20.7566,0,30.25492,57.06251,36.95001,7.783725,23.7957,22.5982,0,0,0,0,0,0,0,0,0,0,0,0,0,0,0,0,0,0,0,0,0,19.25066,15.76703,10.57788,10.80468
,Greece ,20.40121,0,0,0,0,0,0,0,54.12566,69.37926,40.15897,25.66238,18.01665,43.37623,28.23618,21.04466,26.26798,0,12.75549,9.462528,16.7676,37.05526,0,33.1567,47.04769,37.54731,0,17.86525,26.94928,0,0,0,0,0,0,0,0,0,0,0,0,0,0,0,0,0,0,0,0,0,0,0,0,0
,Hungary ,23.91564,12.43534,12.6741,4.675686,27.05929,2.506964,.4377238,0,44.56824,47.29407,52.68603,26.10426,23.51771,53.91962,30.89932,47.57262,42.41942,0,16.25547,7.321926,25.16912,31.23756,0,28.49184,46.02069,48.98528,12.79347,20.85157,36.96777,0,0,0,0,0,0,0,0,0,0,0,0,0,0,0,0,0,0,0,0,0,29.80501,25.20891,18.42419,17.09113
,Iceland ,49.45317,19.76536,10.16107,1.630543,31.93478,.178962,.0198847,0,59.85286,17.49851,80.4136,26.62557,51.24279,84.88766,49.61225,54.98111,40.80334,0,15.5697,8.629947,33.34659,28.61404,0,57.00935,65.63929,29.40943,12.86538,17.08093,46.60966,0,0,0,0,0,0,0,0,0,0,0,0,0,0,0,0,0,0,0,0,0,32.01432,29.27023,27.30165,28.276
,Ireland ,39.81612,0,0,0,0,0,0,0,65.86516,65.98302,73.99811,38.42527,42.66855,81.75389,45.1438,57.66148,40.33475,0,8.557284,7.190005,36.4215,14.1207,0,20.90995,51.83876,41.37199,0,23.43234,25.41254,0,0,0,0,0,0,0,0,0,0,0,0,0,0,0,0,0,0,0,0,0,0,0,0,0
,Italy ,30.01528,6.832569,12.50819,5.129884,18.28204,5.708361,.7531107,0,59.77953,59.52849,53.52543,33.16961,28.65095,70.31216,30.69199,31.04126,34.52303,0,10.25977,5.206287,46.32177,22.22222,0,31.7398,35.78913,50.49116,10.04148,30.98668,35.89827,0,0,0,0,0,0,0,0,0,0,0,0,0,0,0,0,0,0,0,0,0,24.50338,18.43484,12.97752,13.18489
,Latvia ,21.14778,5.907084,15.97646,5.255413,25.1419,2.438512,.2102165,0,57.85159,51.67122,63.84275,44.94429,33.15115,47.97141,19.21379,45.63801,55.85453,0,14.84129,7.357578,29.97688,36.91402,0,47.15157,44.5659,33.48749,15.49296,18.94051,33.63464,0,0,0,0,0,0,0,0,0,0,0,0,0,0,0,0,0,0,0,0,0,27.4753,19.36094,10.59491,12.10847
,Lithuania ,28.91663,5.134917,17.35803,3.060814,24.52678,3.221909,.4430125,0,68.34474,51.73178,53.86629,61.03504,32.96415,44.0596,12.74668,26.52034,41.92509,0,18.58639,7.370117,18.54611,26.8828,0,29.64156,31.79621,39.79058,18.08296,19.51269,35.64237,0,0,0,0,0,0,0,0,0,0,0,0,0,0,0,0,0,0,0,0,0,28.41321,22.15062,7.61176,8.618607
,Luxembourg ,26.9408,0,0,0,0,0,0,0,41.90004,51.89649,65.0833,45.44488,50.15952,71.28678,60.08508,60.97128,81.21233,0,37.1145,21.16271,38.92237,38.60333,0,80.9642,61.39667,60.36866,0,56.39844,60.90039,0,0,0,0,0,0,0,0,0,0,0,0,0,0,0,0,0,0,0,0,0,0,0,0,0
,Malta ,19.2445,0,0,0,0,0,0,0,81.40987,66.03212,80.66627,32.15348,39.70851,68.82808,48.92921,50.41642,63.44437,0,22.04045,16.21059,35.81202,28.82213,0,62.07615,42.92088,48.69125,0,32.0345,38.31053,0,0,0,0,0,0,0,0,0,0,0,0,0,0,0,0,0,0,0,0,0,0,0,0,0
,Moldova ,12.12121,0,0,0,0,0,0,0,83.0432,57.89813,75.49968,48.16248,35.91232,40.10316,34.75177,34.81625,40.36106,0,32.55964,17.79497,29.27144,39.13604,0,51.06383,39.13604,52.48227,0,30.94777,40.29658,0,0,0,0,0,0,0,0,0,0,0,0,0,0,0,0,0,0,0,0,0,0,0,0,0
,Montenegro ,22.86622,14.48988,17.74514,7.304486,31.63954,7.582374,.5557761,0,67.4077,42.99325,58.07861,20.8813,22.90591,44.50179,33.90234,41.56411,40.49226,0,35.88726,20.48432,29.89281,36.99881,0,48.67011,38.86463,47.28067,20.9607,16.1969,40.45256,0,0,0,0,0,0,0,0,0,0,0,0,0,0,0,0,0,0,0,0,0,39.26161,32.90989,18.6582,17.98333
,Netherlands ,55.66051,24.97569,6.153632,1.347409,32.58786,.3611613,.0972357,0,29.78191,46.02028,68.66232,38.11641,45.2285,69.8847,46.77039,40.92235,50.42367,0,26.10085,14.83539,32.21281,27.60106,0,50.56258,56.45229,33.07404,12.27948,23.58661,33.50465,0,0,0,0,0,0,0,0,0,0,0,0,0,0,0,0,0,0,0,0,0,32.54619,30.42089,26.37866,26.83706
,Norway ,66.03732,17.34785,5.708574,1.688139,24.41137,.37761,.066637,0,46.66815,67.14793,78.47623,41.80364,61.88361,87.18347,67.70324,56.95247,45.49089,0,27.27677,17.52555,50.11106,29.20924,0,40.22657,80.43092,31.76366,11.10618,34.31808,38.98267,0,0,0,0,0,0,0,0,0,0,0,0,0,0,0,0,0,0,0,0,0,24.67792,22.70102,20.76855,21.27943
,Poland ,23.7295,7.309172,14.11217,4.737801,23.20308,3.077546,.3239522,0,65.78255,64.14254,73.05122,37.11277,25.71371,51.5084,30.06681,32.49646,31.70682,0,13.14031,5.669164,22.55517,24.51913,0,36.99129,40.33205,43.93602,12.47216,29.17595,38.40858,0,0,0,0,0,0,0,0,0,0,0,0,0,0,0,0,0,0,0,0,0,26.68556,20.38874,11.56104,12.39117
,Portugal ,16.81809,8.843125,11.20533,4.260045,19.11973,4.805169,.565314,0,69.59418,67.85786,65.65717,51.40319,37.65395,69.27115,37.97698,44.78094,53.76539,0,17.80739,12.2552,45.12417,32.28346,0,42.72158,45.04341,57.39955,14.55683,35.02927,43.99354,0,0,0,0,0,0,0,0,0,0,0,0,0,0,0,0,0,0,0,0,0,23.64224,18.59479,14.31456,14.01171
,Romania ,13.75444,3.606803,15.11867,10.63353,19.97757,8.689964,1.289479,0,76.75201,78.09755,73.48159,34.55429,26.55578,49.31789,19.90282,28.51803,34.66642,0,12.20333,8.278827,23.73388,24.48141,0,40.14203,42.08559,44.87012,13.53018,28.63016,35.9559,0,0,0,0,0,0,0,0,0,0,0,0,0,0,0,0,0,0,0,0,0,29.43375,13.75444,8.465708,7.531302
,Russia ,24.51535,7.256819,13.77595,9.572825,25.63047,4.494768,.9264025,0,60.06176,71.77904,66.35786,31.89226,31.97804,39.01184,30.41688,45.6339,49.33951,0,31.20604,15.59444,25.64762,27.60336,0,53.66272,40.36713,19.98627,5.627037,6.501973,23.17722,0,0,0,0,0,0,0,0,0,0,0,0,0,0,0,0,0,0,0,0,0,30.65706,22.74833,11.92314,12.33488
,Serbia ,14.44703,11.62405,23.21488,13.98207,38.85752,9.266025,1.394885,0,55.86184,48.32282,50.24909,10.32879,13.31783,37.9276,15.34374,25.14115,26.23713,0,19.5284,9.531717,23.87911,27.79807,0,38.85752,24.37728,24.27765,10.59449,4.350714,17.07074,0,0,0,0,0,0,0,0,0,0,0,0,0,0,0,0,0,0,0,0,0,49.1531,34.00863,18.19993,17.96745
,Slovakia ,16.97485,8.838758,12.72189,4.530325,23.3358,2.699704,.3513314,0,57.19305,66.78994,69.98891,39.94083,38.27663,48.18787,39.5895,45.11834,43.50961,0,22.28181,12.03772,26.47929,29.03106,0,41.95636,35.65089,49.51923,13.79438,23.37278,36.42752,0,0,0,0,0,0,0,0,0,0,0,0,0,0,0,0,0,0,0,0,0,26.12796,22.46672,13.35059,10.33654
,Slovenia ,22.15529,3.525212,14.21241,6.001785,20.50424,3.257474,.0892459,0,36.88086,50.51316,75.79205,51.02633,32.21776,58.03213,30.99063,36.23383,45.5154,0,15.61803,7.987506,31.25837,33.73494,0,46.85408,40.56225,45.38153,7.072736,29.22802,33.91343,0,0,0,0,0,0,0,0,0,0,0,0,0,0,0,0,0,0,0,0,0,23.3378,16.7336,9.036144,9.705488
,Spain ,34.8401,6.011979,5.774664,1.774212,12.56639,.9266584,.1469093,0,43.25912,50.11866,60.17629,42.8636,32.08272,60.4136,42.08385,38.98745,41.06679,0,8.667646,5.345237,38.69364,17.96813,0,32.15052,44.20839,36.4561,7.108148,14.3067,16.92847,0,0,0,0,0,0,0,0,0,0,0,0,0,0,0,0,0,0,0,0,0,13.42525,10.67917,8.215617,8.667646
,Sweden ,61.38595,17.17621,3.761349,.8337965,21.75282,.2223457,.0185288,2.260515,40.42987,47.67464,65.20289,36.31647,42.24569,76.33871,52.25125,46.97054,38.59552,0,22.29016,12.63665,35.16769,25.68093,0,47.82286,64.64703,31.73985,10.69112,17.95442,41.13396,0,0,0,0,0,0,0,0,0,0,0,0,0,0,0,0,0,0,0,0,0,21.84547,20.15935,18.9735,20.10376
,Switzerland ,58.17773,38.3577,26.56918,5.489314,68.25647,2.182227,.3374578,0,34.93813,50.3937,82.60967,30.79865,42.02475,83.937,57.77278,66.88414,63.77953,0,63.82452,24.20697,34.64567,63.80203,0,72.21597,70.21372,31.31609,21.34983,9.133859,48.50394,0,0,0,0,0,0,0,0,0,0,0,0,0,0,0,0,0,0,0,0,0,69.51631,60.17998,52.82339,56.15298
,Turkey ,9.498608,0,0,0,0,0,0,0,77.0195,86.32312,68.32869,30.69638,40.69638,76.10028,45.26462,58.8858,68.49582,0,32.6741,18.80223,22.1727,26.10028,0,67.74373,70.75209,34.73537,0,30.19499,30.36212,0,0,0,0,0,0,0,0,0,0,0,0,0,0,0,0,0,0,0,0,0,0,0,0,0
,Ukraine ,26.40241,8.229022,19.91191,8.136301,29.76356,6.258693,.741771,0,68.19657,64.62679,62.79555,38.03894,32.15113,32.91609,19.68011,35.97589,42.25777,0,14.92814,10.98748,21.39546,26.95874,0,41.19147,24.45526,36.62494,18.05749,11.96106,40.00927,0,0,0,0,0,0,0,0,0,0,0,0,0,0,0,0,0,0,0,0,0,36.74084,29.06815,13.76912,14.58044
,North Macedonia ,16.54566,11.65457,17.99771,12.26595,35.65151,4.96752,1.566679,0,71.72335,67.71112,64.11922,39.74016,28.58235,55.44516,40.77187,43.40848,43.48491,0,39.51089,27.32136,40.00764,41.53611,0,49.40772,34.81085,50.17196,20.17577,29.23195,50.24838,0,0,0,0,0,0,0,0,0,0,0,0,0,0,0,0,0,0,0,0,0,41.91823,32.90027,21.05464,21.2457
,Great Britain ,39.14286,14.61429,7.871429,2.885714,24.95714,.4857143,.0857143,0,37.97143,83.77143,60.9,16.82857,27.72857,74.84286,34.41428,45.35714,31.65714,0,11.64286,7.014286,39.02857,29.42857,0,46.94286,55.64286,25.35714,7.8,27.85714,29.27143,0,0,0,0,0,0,0,0,0,0,0,0,0,0,0,0,0,0,0,0,0,25.14286,21.95714,20.44286,20.98571
,United States ,43.82805,0,0,0,0,0,0,0,72.31028,65.20173,61.26321,52.25744,35.03842,73.58309,47.16619,57.6609,23.00672,0,0,0,49.11143,0,0,0,54.49088,0,0,21.75793,0,0,0,0,0,0,0,0,0,0,0,0,0,0,0,0,0,0,0,0,0,0,0,0,0,0
,Northern Ireland ,37.42911,0,0,0,0,0,0,0,65.45368,64.13044,74.48015,19.4707,28.21361,68.14745,38.23251,50.66162,42.48582,0,4.962193,3.827977,21.73913,12.85444,0,46.50283,49.24385,27.74102,0,14.27221,27.31569,0,0,0,0,0,0,0,0,0,0,0,0,0,0,0,0,0,0,0,0,0,0,0,0,0
,Kosovo,10.80575,0,0,0,0,0,0,0,86.63335,75.57777,74.51593,56.46471,59.46283,70.45596,62.77327,65.14679,65.20924,0,62.58588,53.2792,56.27733,59.40038,0,68.33229,60.64959,73.7664,0,72.45471,70.26859,0,0,0,0,0,0,0,0,0,0,0,0,0,0,0,0,0,0,0,0,0,0,0,0,0
